vin,event,charge_mode,duration_minutes,soc,end_soc,odo,end_odo
-2.47174e+18,trip,0,53.86,100.0,98.8,2096.0,2114.6588
-2.47174e+18,trip,0,30.32,98.8,96.8,2114.6588,2128.22315
-2.47174e+18,trip,0,35.9,96.8,94.0,2128.22315,2151.24422
-2.47174e+18,trip,0,21.96,94.0,92.1,2151.24422,2164.39399
-2.47174e+18,trip,0,178.4,92.1,67.2,2164.39399,2283.65595
-2.47174e+18,trip,0,48.45,67.2,60.7,2283.65595,2313.03582
-2.47174e+18,charge,120,142.45,60.7,65.6,2313.03582,2313.03582
-2.47174e+18,trip,0,39.34,65.6,62.5,2313.03582,2337.78516
-2.47174e+18,trip,0,78.48,62.5,53.3,2337.78516,2386.78464
-2.47174e+18,charge,240,106.84,53.3,65.5,2386.78464,2386.78464
-2.47174e+18,trip,0,158.89,65.5,41.6,2386.78464,2497.67876
-2.47174e+18,charge,120,169.69,41.6,44.4,2497.67876,2497.67876
-2.47174e+18,trip,0,25.01,44.4,41.6,2497.67876,2511.80458
-2.47174e+18,trip,0,91.32,41.6,29.0,2511.80458,2574.87882
-2.47174e+18,trip,0,43.41,29.0,24.5,2574.87882,2600.33904
-2.47174e+18,charge,DC Charging,69.81,24.5,52.9,2600.33904,2600.33904
-2.47174e+18,trip,0,22.01,52.9,51.8,2600.33904,2613.42794
-2.47174e+18,trip,0,18.24,51.8,50.8,2613.42794,2623.9652
-2.47174e+18,charge,120,69.16,50.8,54.4,2623.9652,2623.9652
-2.47174e+18,trip,0,59.9,54.4,47.6,2623.9652,2662.98212
-2.47174e+18,trip,0,71.27,47.6,39.5,2662.98212,2710.03108
-2.47174e+18,trip,0,41.38,39.5,35.9,2710.03108,2734.6359
-2.47174e+18,trip,0,53.11,35.9,32.2,2734.6359,2760.337
-2.47174e+18,trip,0,46.18,32.2,28.6,2760.337,2782.58206
-2.47174e+18,trip,0,31.93,28.6,25.9,2782.58206,2800.25057
-2.47174e+18,trip,0,20.71,25.9,24.9,2800.25057,2811.72977
-2.47174e+18,trip,0,17.75,24.9,24.1,2811.72977,2822.70655
-2.47174e+18,charge,DC Charging,70.65,24.1,53.9,2822.70655,2822.70655
-2.47174e+18,trip,0,71.12,53.9,49.9,2822.70655,2859.60027
-2.47174e+18,charge,DC Charging,80.59,49.9,79.9,2859.60027,2859.60027
-2.47174e+18,charge,120,482.79,79.9,82.1,2859.60027,2859.60027
-2.47174e+18,trip,0,207.6,82.1,54.7,2859.60027,2993.82326
-2.47174e+18,trip,0,28.9,54.7,48.5,2993.82326,3016.12032
-2.47174e+18,charge,DC Charging,48.23,48.5,79.6,3016.12032,3016.12032
-2.47174e+18,trip,0,161.42,79.6,50.8,3016.12032,3153.18449
-2.47174e+18,charge,240,61.63,50.8,64.9,3153.18449,3153.18449
-2.47174e+18,trip,0,54.04,64.9,58.5,3153.18449,3188.72122
-2.47174e+18,trip,0,51.4,58.5,57.5,3188.72122,3199.61622
-2.47174e+18,trip,0,34.68,57.5,55.6,3199.61622,3219.38138
-2.47174e+18,trip,0,379.2,55.6,50.1,3219.38138,3268.44191
-2.47174e+18,trip,0,21.77,50.1,49.4,3268.44191,3280.17362
-2.47174e+18,trip,0,34.29,49.4,46.4,3280.17362,3300.01146
-2.47174e+18,trip,0,36.05,46.4,45.5,3300.01146,3315.20192
-2.47174e+18,trip,0,29.03,45.5,43.4,3315.20192,3330.2085
-2.47174e+18,charge,120,372.6,43.4,48.0,3330.2085,3330.2085
-2.47174e+18,trip,0,79.1,48.0,40.0,3330.2085,3380.3038
-2.47174e+18,trip,0,29.46,40.0,39.1,3380.3038,3393.96159
-2.47174e+18,charge,120,936.31,39.1,54.9,3393.96159,3393.96159
-2.47174e+18,trip,0,78.09,54.9,48.4,3393.96159,3439.7579
-2.47174e+18,trip,0,33.39,48.4,46.0,3439.7579,3460.84489
-2.47174e+18,trip,0,114.03,46.0,36.4,3460.84489,3516.33839
-2.47174e+18,trip,0,45.54,36.4,34.2,3516.33839,3532.51722
-2.47174e+18,charge,120,526.07,34.2,46.3,3532.51722,3532.51722
-2.47174e+18,trip,120,530.73,46.3,38.4,3532.51722,3596.04754
-2.47174e+18,charge,DC Charging,48.4,38.4,69.8,3596.04754,3596.04754
-2.47174e+18,trip,0,36.78,69.8,66.7,3596.04754,3614.56508
-2.47174e+18,trip,0,75.14,66.7,59.6,3614.56508,3653.69788
-2.47174e+18,trip,0,91.93,59.6,46.7,3653.69788,3721.7168
-2.47174e+18,trip,0,26.12,46.7,44.4,3721.7168,3737.58054
-2.47174e+18,charge,240,62.7,44.4,56.9,3737.58054,3737.58054
-2.47174e+18,trip,0,52.87,56.9,51.8,3737.58054,3771.21905
-2.47174e+18,trip,0,32.79,51.8,48.3,3771.21905,3792.63593
-2.47174e+18,charge,240,79.43,48.3,56.8,3792.63593,3792.63593
-2.47174e+18,trip,0,147.86,56.8,34.7,3792.63593,3897.11949
-2.47174e+18,trip,0,44.53,34.7,28.8,3897.11949,3920.34927
-2.47174e+18,charge,120,94.33,28.8,30.7,3920.34927,3920.34927
-2.47174e+18,trip,0,56.18,30.7,26.0,3920.34927,3953.48902
-2.47174e+18,trip,0,47.89,26.0,25.2,3953.48902,3965.55563
-2.47174e+18,charge,120,141.02,25.2,31.1,3965.55563,3965.55563
-2.47174e+18,trip,0,51.45,31.1,26.5,3965.55563,3991.23778
-2.47174e+18,trip,0,80.4,26.5,16.3,3991.23778,4042.30485
-2.47174e+18,charge,DC Charging,72.68,16.3,45.2,4042.30485,4042.30485
-2.47174e+18,charge,DC Charging,79.12,45.2,74.0,4042.30485,4042.30485
-2.47174e+18,trip,0,101.9,74.0,56.2,4042.30485,4113.65797
-2.47174e+18,trip,0,19.13,56.2,54.4,4113.65797,4129.32394
-2.47174e+18,charge,DC Charging,41.14,54.4,85.8,4129.32394,4129.32394
-2.47174e+18,trip,0,33.76,85.8,82.1,4129.32394,4152.57265
-2.47174e+18,trip,0,58.26,82.1,74.2,4152.57265,4198.8826
-2.47174e+18,trip,0,72.09,74.2,67.7,4198.8826,4234.3962
-2.47174e+18,trip,0,31.43,67.7,63.3,4234.3962,4255.05925
-2.47174e+18,charge,240,103.58,63.3,77.0,4255.05925,4255.05925
-2.47174e+18,trip,0,42.77,77.0,73.5,4255.05925,4279.03419
-2.47174e+18,trip,0,33.84,73.5,71.1,4279.03419,4298.79042
-2.47174e+18,trip,0,52.88,71.1,66.1,4298.79042,4331.65077
-2.47174e+18,trip,0,24.92,66.1,64.9,4331.65077,4343.94449
-2.47174e+18,trip,0,112.85,64.9,48.9,4343.94449,4422.25044
-2.47174e+18,trip,0,31.48,48.9,46.7,4422.25044,4441.88495
-2.47174e+18,trip,0,45.1,46.7,45.3,4441.88495,4456.69075
-2.47174e+18,trip,0,67.17,45.3,38.6,4456.69075,4491.71457
-2.47174e+18,charge,120,557.59,38.6,50.2,4491.71457,4491.71457
-2.47174e+18,trip,0,22.35,50.2,48.4,4491.71457,4504.55725
-2.47174e+18,trip,0,132.27,48.4,37.7,4504.55725,4555.60567
-2.47174e+18,charge,240,77.05,37.7,49.7,4555.60567,4555.60567
-2.47174e+18,trip,0,275.84,49.7,20.1,4555.60567,4707.16113
-2.47174e+18,charge,120,742.88,20.1,28.1,4707.16113,4707.16113
-2.47174e+18,trip,0,43.48,28.1,25.8,4707.16113,4731.13715
-2.47174e+18,charge,DC Charging,79.65,25.8,49.8,4731.13715,4731.13715
-2.47174e+18,trip,0,56.74,49.8,45.6,4731.13715,4758.68953
-2.47174e+18,trip,0,28.6,45.6,42.5,4758.68953,4775.30924
-2.47174e+18,charge,240,84.31,42.5,49.5,4775.30924,4775.30924
-2.47174e+18,trip,0,28.58,49.5,46.5,4775.30924,4793.3643
-2.47174e+18,charge,DC Charging,53.36,46.5,65.4,4793.3643,4793.3643
-2.47174e+18,trip,0,30.45,65.4,61.7,4793.3643,4810.98866
-2.47174e+18,charge,240,81.55,61.7,68.6,4810.98866,4810.98866
-2.47174e+18,trip,0,33.03,68.6,67.6,4810.98866,4825.07027
-2.47174e+18,charge,120,201.03,67.6,72.2,4825.07027,4825.07027
-2.47174e+18,trip,0,37.57,72.2,68.5,4825.07027,4845.68732
-2.47174e+18,trip,0,44.18,68.5,63.9,4845.68732,4876.44139
-2.47174e+18,trip,0,165.19,63.9,45.3,4876.44139,4977.48551
-2.47174e+18,charge,120,168.35,45.3,50.4,4977.48551,4977.48551
-2.47174e+18,trip,0,19.72,50.4,49.5,4977.48551,4990.08404
-2.47174e+18,trip,0,25.8,49.5,46.8,4990.08404,5007.4543
-2.47174e+18,charge,DC Charging,58.15,46.8,66.2,5007.4543,5007.4543
-2.47174e+18,trip,0,53.06,66.2,60.9,5007.4543,5037.31726
-2.47174e+18,trip,0,54.67,60.9,59.0,5037.31726,5056.30487
-2.47174e+18,trip,0,33.01,59.0,57.2,5056.30487,5076.45532
-2.47174e+18,trip,0,31.08,57.2,54.7,5076.45532,5095.93952
-2.47174e+18,trip,0,31.96,54.7,51.1,5095.93952,5116.38795
-2.47174e+18,charge,240,74.48,51.1,62.7,5116.38795,5116.38795
-2.47174e+18,trip,0,158.62,62.7,42.7,5116.38795,5219.42313
-2.47174e+18,charge,DC Charging,44.74,42.7,77.6,5219.42313,5219.42313
-2.47174e+18,trip,0,55.89,77.6,71.3,5219.42313,5256.96349
-2.47174e+18,charge,120,116.15,71.3,75.5,5256.96349,5256.96349
-2.47174e+18,trip,0,44.16,75.5,70.5,5256.96349,5280.57466
-2.47174e+18,charge,120,48.64,70.5,72.8,5280.57466,5280.57466
-2.47174e+18,trip,0,29.02,72.8,70.6,5280.57466,5297.09204
-2.47174e+18,trip,0,46.62,70.6,66.1,5297.09204,5325.34357
-2.47174e+18,charge,120,142.96,66.1,70.0,5325.34357,5325.34357
-2.47174e+18,charge,120,368.16,70.0,77.8,5325.34357,5325.34357
-2.47174e+18,trip,0,188.2,77.8,57.6,5325.34357,5436.12329
-2.47174e+18,trip,0,46.79,57.6,50.2,5436.12329,5471.32498
-2.47174e+18,charge,DC Charging,44.82,50.2,77.4,5471.32498,5471.32498
-2.47174e+18,trip,0,78.08,77.4,65.9,5471.32498,5528.03105
-2.47174e+18,trip,0,159.73,65.9,47.5,5528.03105,5633.0903
-2.47174e+18,trip,0,163.24,47.5,35.6,5633.0903,5696.30669
-2.47174e+18,trip,0,103.8,35.6,19.3,5696.30669,5778.03606
-2.47174e+18,charge,DC Charging,55.66,19.3,40.8,5778.03606,5778.03606
-2.47174e+18,trip,0,36.21,40.8,37.4,5778.03606,5801.65128
-2.47174e+18,trip,0,20.19,37.4,35.4,5801.65128,5813.17087
-2.47174e+18,trip,0,71.6,35.4,24.7,5813.17087,5866.97645
-2.47174e+18,trip,0,39.86,24.7,21.2,5866.97645,5888.10599
-2.47174e+18,charge,DC Charging,63.24,21.2,39.9,5888.10599,5888.10599
-2.47174e+18,trip,0,35.5,39.9,37.5,5888.10599,5908.56001
-2.47174e+18,charge,120,348.66,37.5,48.7,5908.56001,5908.56001
-2.47174e+18,trip,0,19.84,48.7,48.1,5908.56001,5919.16138
-2.47174e+18,trip,0,22.56,48.1,46.3,5919.16138,5933.25722
-2.47174e+18,trip,0,155.12,46.3,27.9,5933.25722,6034.08969
-2.47174e+18,charge,DC Charging,62.82,27.9,49.7,6034.08969,6034.08969
-2.47174e+18,trip,0,22.05,49.7,47.9,6034.08969,6047.79904
-2.47174e+18,charge,240,60.33,47.9,54.8,6047.79904,6047.79904
-2.47174e+18,trip,0,99.39,54.8,43.9,6047.79904,6109.70975
-2.47174e+18,charge,120,223.5,43.9,50.0,6109.70975,6109.70975
-2.47174e+18,trip,0,48.23,50.0,46.8,6109.70975,6132.89262
-2.47174e+18,trip,0,22.49,46.8,45.0,6132.89262,6145.40736
-2.47174e+18,trip,0,21.08,45.0,43.3,6145.40736,6158.0375
-2.47174e+18,charge,240,74.63,43.3,53.1,6158.0375,6158.0375
-2.47174e+18,trip,0,25.16,53.1,51.4,6158.0375,6173.13264
-2.47174e+18,trip,0,82.32,51.4,46.0,6173.13264,6207.08816
-2.47174e+18,trip,0,63.73,46.0,38.6,6207.08816,6246.07841
-2.47174e+18,trip,0,23.77,38.6,37.3,6246.07841,6260.73457
-2.47174e+18,trip,0,17.91,37.3,36.8,6260.73457,6271.15045
-2.47174e+18,charge,120,78.14,36.8,45.0,6271.15045,6271.15045
-2.47174e+18,trip,0,53.69,45.0,43.4,6271.15045,6293.70997
-2.47174e+18,charge,120,281.23,43.4,51.6,6293.70997,6293.70997
-2.47174e+18,trip,0,32.89,51.6,50.2,6293.70997,6311.68418
-2.47174e+18,trip,0,19.68,50.2,48.5,6311.68418,6322.90889
-2.47174e+18,trip,0,65.37,48.5,38.5,6322.90889,6373.08333
-2.47174e+18,charge,240,59.37,38.5,53.7,6373.08333,6373.08333
-2.47174e+18,trip,0,76.52,53.7,41.4,6373.08333,6434.68485
-2.47174e+18,charge,DC Charging,59.33,41.4,58.4,6434.68485,6434.68485
-2.47174e+18,trip,0,21.46,58.4,57.6,6434.68485,6449.01256
-2.47174e+18,charge,240,67.43,57.6,66.0,6449.01256,6449.01256
-2.47174e+18,trip,0,32.17,66.0,63.8,6449.01256,6466.58347
-2.47174e+18,trip,0,84.27,63.8,55.7,6466.58347,6510.63406
-2.47174e+18,trip,0,22.57,55.7,53.9,6510.63406,6523.21638
-2.47174e+18,trip,0,27.72,53.9,51.6,6523.21638,6540.47682
-2.47174e+18,trip,0,50.32,51.6,43.1,6540.47682,6580.54087
-2.47174e+18,charge,DC Charging,53.1,43.1,67.7,6580.54087,6580.54087
-2.47174e+18,trip,0,144.07,67.7,42.7,6580.54087,6695.1776
-2.47174e+18,charge,240,74.0,42.7,50.1,6695.1776,6695.1776
-2.47174e+18,trip,0,58.04,50.1,44.0,6695.1776,6732.4229
-2.47174e+18,charge,DC Charging,47.34,44.0,70.7,6732.4229,6732.4229
-2.47174e+18,trip,0,27.92,70.7,68.6,6732.4229,6750.29688
-2.47174e+18,trip,0,20.33,68.6,67.5,6750.29688,6761.95901
-2.47174e+18,trip,0,38.29,67.5,65.7,6761.95901,6779.04715
-2.47174e+18,trip,0,275.01,65.7,49.3,6779.04715,6859.27319
-2.47174e+18,trip,0,54.91,49.3,48.8,6859.27319,6867.42827
-2.47174e+18,trip,0,140.45,48.8,31.1,6867.42827,6961.24351
-2.47174e+18,charge,DC Charging,112.47,31.1,52.1,6961.24351,6961.24351
-2.47174e+18,trip,0,53.54,52.1,49.7,6961.24351,6987.41601
-2.47174e+18,trip,0,41.71,49.7,45.7,6987.41601,7008.36932
-2.47174e+18,trip,0,51.14,45.7,42.9,7008.36932,7035.40049
-2.47174e+18,charge,240,63.64,42.9,55.8,7035.40049,7035.40049
-2.47174e+18,trip,0,25.18,55.8,53.3,7035.40049,7049.54496
-2.47174e+18,trip,0,130.55,53.3,40.1,7049.54496,7120.90158
-2.47174e+18,charge,DC Charging,53.08,40.1,65.5,7120.90158,7120.90158
-2.47174e+18,trip,0,30.77,65.5,62.6,7120.90158,7140.74619
-2.47174e+18,trip,0,23.26,62.6,60.7,7140.74619,7154.5612
-2.47174e+18,trip,0,43.14,60.7,56.0,7154.5612,7178.98115
-2.47174e+18,charge,DC Charging,96.72,56.0,73.7,7178.98115,7178.98115
-2.47174e+18,trip,0,90.89,73.7,64.7,7178.98115,7225.88267
-2.47174e+18,trip,0,71.24,64.7,55.0,7225.88267,7275.64418
-2.47174e+18,charge,DC Charging,48.15,55.0,85.8,7275.64418,7275.64418
-2.47174e+18,trip,0,56.41,85.8,81.4,7275.64418,7306.4446
-2.47174e+18,charge,120,482.77,81.4,94.1,7306.4446,7306.4446
-2.47174e+18,trip,0,213.28,94.1,63.4,7306.4446,7451.46805
-2.47174e+18,trip,0,142.19,63.4,42.4,7451.46805,7554.28216
-2.47174e+18,trip,0,64.15,42.4,34.2,7554.28216,7601.8334
-2.47174e+18,trip,0,39.85,34.2,32.5,7601.8334,7619.15359
-2.47174e+18,charge,120,675.2,32.5,44.8,7619.15359,7619.15359
-2.47174e+18,trip,0,68.87,44.8,36.0,7619.15359,7668.55752
-2.47174e+18,trip,0,36.03,36.0,33.6,7668.55752,7687.06523
-2.47174e+18,trip,0,37.49,33.6,32.5,7687.06523,7705.54113
-2.47174e+18,trip,0,40.07,32.5,30.4,7705.54113,7725.47649
-2.47174e+18,charge,DC Charging,41.4,30.4,64.9,7725.47649,7725.47649
-2.47174e+18,charge,120,371.03,64.9,69.4,7725.47649,7725.47649
-2.47174e+18,trip,0,84.68,69.4,60.4,7725.47649,7772.8146
-2.47174e+18,charge,120,713.26,60.4,74.7,7772.8146,7772.8146
-2.47174e+18,trip,0,46.31,74.7,72.8,7772.8146,7793.07958
-2.47174e+18,trip,0,70.95,72.8,64.3,7793.07958,7835.9514
-2.47174e+18,trip,0,18.93,64.3,63.5,7835.9514,7847.59441
-2.47174e+18,charge,DC Charging,60.08,63.5,81.4,7847.59441,7847.59441
-2.47174e+18,trip,0,59.13,81.4,77.2,7847.59441,7874.86565
-2.47174e+18,trip,0,68.21,77.2,69.2,7874.86565,7910.49531
-2.47174e+18,trip,0,74.63,69.2,57.4,7910.49531,7963.89021
-2.47174e+18,charge,240,47.97,57.4,76.1,7963.89021,7963.89021
-2.47174e+18,trip,0,33.15,76.1,73.2,7963.89021,7984.9409
-2.47174e+18,trip,0,65.59,73.2,66.1,7984.9409,8029.53031
-2.47174e+18,trip,0,130.17,66.1,49.5,8029.53031,8113.93391
-2.47174e+18,trip,0,19.95,49.5,48.8,8113.93391,8126.45503
-2.47174e+18,charge,120,214.08,48.8,57.4,8126.45503,8126.45503
-2.47174e+18,trip,0,24.48,57.4,55.8,8126.45503,8141.22862
-2.47174e+18,trip,0,21.48,55.8,54.8,8141.22862,8152.44683
-2.47174e+18,trip,0,33.81,54.8,51.9,8152.44683,8170.40054
-2.47174e+18,trip,0,37.91,51.9,50.1,8170.40054,8188.12298
-2.47174e+18,charge,120,585.3,50.1,64.1,8188.12298,8188.12298
-2.47174e+18,trip,0,31.88,64.1,61.9,8188.12298,8209.14789
-2.47174e+18,charge,DC Charging,45.5,61.9,96.2,8209.14789,8209.14789
-2.47174e+18,trip,0,111.44,96.2,79.8,8209.14789,8290.34266
-2.47174e+18,trip,0,26.78,79.8,76.5,8290.34266,8307.92113
-2.47174e+18,trip,0,34.99,76.5,73.9,8307.92113,8330.81609
-2.47174e+18,trip,0,38.3,73.9,70.4,8330.81609,8352.77257
-2.47174e+18,trip,0,38.26,70.4,69.2,8352.77257,8372.14089
-2.47174e+18,trip,0,38.95,69.2,66.7,8372.14089,8392.38302
-2.47174e+18,charge,120,623.47,66.7,81.9,8392.38302,8392.38302
-2.47174e+18,trip,0,69.56,81.9,77.2,8392.38302,8426.15394
-2.47174e+18,charge,120,312.9,77.2,84.5,8426.15394,8426.15394
-2.47174e+18,trip,0,279.58,84.5,53.2,8426.15394,8583.32199
-2.47174e+18,charge,120,796.44,53.2,61.4,8583.32199,8583.32199
-2.47174e+18,trip,0,210.32,61.4,47.7,8583.32199,8670.99062
-2.47174e+18,trip,0,105.06,47.7,38.9,8670.99062,8722.61286
-2.47174e+18,charge,240,103.04,38.9,46.9,8722.61286,8722.61286
-2.47174e+18,trip,0,84.79,46.9,33.7,8722.61286,8778.4613
-2.47174e+18,trip,0,28.06,33.7,29.7,8778.4613,8794.79621
-2.47174e+18,charge,120,74.58,29.7,33.7,8794.79621,8794.79621
-2.47174e+18,trip,0,36.86,33.7,30.9,8794.79621,8816.57069
-2.47174e+18,trip,0,30.26,30.9,28.9,8816.57069,8831.25833
-2.47174e+18,trip,0,32.46,28.9,26.0,8831.25833,8848.22421
-2.47174e+18,charge,120,106.23,26.0,33.0,8848.22421,8848.22421
-2.47174e+18,trip,0,52.41,33.0,28.9,8848.22421,8874.15889
-2.47174e+18,trip,0,18.52,28.9,27.8,8874.15889,8883.17582
-2.47174e+18,trip,0,26.56,27.8,23.4,8883.17582,8903.7495
-2.47174e+18,charge,DC Charging,39.06,23.4,56.8,8903.7495,8903.7495
-2.47174e+18,trip,0,33.91,56.8,52.4,8903.7495,8930.36033
-2.47174e+18,charge,DC Charging,36.1,52.4,81.3,8930.36033,8930.36033
-2.47174e+18,trip,0,58.52,81.3,78.3,8930.36033,8955.38519
-2.47174e+18,charge,120,447.55,78.3,90.7,8955.38519,8955.38519
-2.47174e+18,trip,0,90.8,90.7,82.9,8955.38519,8991.82145
-2.47174e+18,trip,0,45.81,82.9,77.6,8991.82145,9020.45805
-2.47174e+18,charge,240,57.99,77.6,93.0,9020.45805,9020.45805
-2.47174e+18,trip,0,210.84,93.0,62.5,9020.45805,9169.2197
-2.47174e+18,trip,0,30.56,62.5,57.5,9169.2197,9189.53817
-2.47174e+18,charge,DC Charging,80.6,57.5,82.0,9189.53817,9189.53817
-2.47174e+18,trip,0,34.64,82.0,79.4,9189.53817,9204.42905
-2.47174e+18,charge,240,57.37,79.4,93.5,9204.42905,9204.42905
-2.47174e+18,trip,0,24.45,93.5,92.3,9204.42905,9217.33113
-2.47174e+18,trip,0,39.83,92.3,89.8,9217.33113,9243.35048
-2.47174e+18,trip,0,92.6,89.8,78.0,9243.35048,9310.14341
-2.47174e+18,trip,0,82.41,78.0,69.5,9310.14341,9358.45253
-2.47174e+18,trip,0,92.67,69.5,59.3,9358.45253,9421.648
-2.47174e+18,trip,0,82.35,59.3,49.8,9421.648,9474.00418
-2.47174e+18,charge,120,223.63,49.8,52.6,9474.00418,9474.00418
-2.47174e+18,trip,0,30.21,52.6,51.4,9474.00418,9488.08344
-2.47174e+18,charge,120,212.73,51.4,54.8,9488.08344,9488.08344
-2.47174e+18,trip,0,60.04,54.8,47.2,9488.08344,9525.61262
-2.47174e+18,charge,240,87.45,47.2,57.1,9525.61262,9525.61262
-2.47174e+18,trip,0,284.28,57.1,50.6,9525.61262,9582.79786
-2.47174e+18,charge,240,74.79,50.6,60.4,9582.79786,9582.79786
-2.47174e+18,trip,0,60.35,60.4,53.1,9582.79786,9622.41774
-2.47174e+18,trip,0,38.99,53.1,49.0,9622.41774,9644.98661
-2.47174e+18,trip,0,134.21,49.0,24.2,9644.98661,9759.31813
-2.47174e+18,charge,DC Charging,48.55,24.2,48.1,9759.31813,9759.31813
-2.47174e+18,trip,0,31.26,48.1,45.0,9759.31813,9780.30302
-2.47174e+18,trip,0,21.16,45.0,43.5,9780.30302,9792.73773
-2.47174e+18,trip,0,44.5,43.5,38.8,9792.73773,9816.92355
-2.47174e+18,charge,120,220.77,38.8,45.2,9816.92355,9816.92355
-2.47174e+18,trip,0,214.99,45.2,36.9,9816.92355,9876.75037
-2.47174e+18,trip,0,35.96,36.9,32.9,9876.75037,9898.88891
-2.47174e+18,trip,0,19.35,32.9,32.2,9898.88891,9908.18815
-2.47174e+18,charge,DC Charging,44.61,32.2,53.6,9908.18815,9908.18815
-2.47174e+18,trip,0,36.74,53.6,50.7,9908.18815,9931.10389
-2.47174e+18,trip,0,17.48,50.7,49.5,9931.10389,9942.06306
-2.47174e+18,charge,240,51.64,49.5,60.2,9942.06306,9942.06306
-2.47174e+18,charge,240,85.13,60.2,67.3,9942.06306,9942.06306
-2.47174e+18,trip,0,56.67,67.3,61.4,9942.06306,9972.37588
-2.47174e+18,trip,0,23.53,61.4,60.4,9972.37588,9984.65429
-2.47174e+18,trip,0,134.0,60.4,45.5,9984.65429,10056.79671
-2.47174e+18,trip,0,22.22,45.5,43.7,10056.79671,10069.74389
-2.47174e+18,trip,0,22.71,43.7,42.4,10069.74389,10082.0642
-2.47174e+18,trip,0,17.6,42.4,41.8,10082.0642,10091.98599
-2.47174e+18,trip,0,49.42,41.8,36.4,10091.98599,10120.86187
-2.47174e+18,charge,DC Charging,39.98,36.4,71.9,10120.86187,10120.86187
-2.47174e+18,trip,0,90.61,71.9,59.4,10120.86187,10182.22202
-2.47174e+18,trip,0,97.27,59.4,43.1,10182.22202,10261.66483
-2.47174e+18,charge,DC Charging,41.63,43.1,66.8,10261.66483,10261.66483
-2.47174e+18,trip,0,26.74,66.8,64.5,10261.66483,10279.29984
-2.47174e+18,trip,0,53.74,64.5,58.7,10279.29984,10314.7746
-2.47174e+18,trip,0,45.78,58.7,54.2,10314.7746,10339.44517
-2.47174e+18,trip,0,33.77,54.2,53.1,10339.44517,10355.28993
-2.47174e+18,trip,0,24.2,53.1,51.0,10355.28993,10370.00843
-2.47174e+18,trip,0,29.23,51.0,48.0,10370.00843,10386.82537
-2.47174e+18,trip,0,22.44,48.0,46.5,10386.82537,10399.83351
-2.47174e+18,trip,0,17.56,46.5,45.8,10399.83351,10409.50031
-2.47174e+18,trip,0,23.78,45.8,44.6,10409.50031,10422.44687
-2.47174e+18,trip,0,22.59,44.6,43.9,10422.44687,10433.38595
-2.47174e+18,trip,0,40.61,43.9,40.5,10433.38595,10458.42244
-2.47174e+18,trip,0,114.86,40.5,23.4,10458.42244,10550.54992
-2.47174e+18,charge,DC Charging,62.55,23.4,46.0,10550.54992,10550.54992
-2.47174e+18,trip,0,63.5,46.0,40.8,10550.54992,10586.3746
-2.47174e+18,charge,240,61.08,40.8,47.9,10586.3746,10586.3746
-2.47174e+18,charge,120,980.18,47.9,59.4,10586.3746,10586.3746
-2.47174e+18,trip,0,91.54,59.4,48.9,10586.3746,10643.57259
-2.47174e+18,trip,0,22.07,48.9,47.4,10643.57259,10656.57388
-2.47174e+18,charge,240,84.1,47.4,63.5,10656.57388,10656.57388
-2.47174e+18,trip,0,45.37,63.5,61.0,10656.57388,10678.69763
-2.47174e+18,trip,0,23.79,61.0,59.5,10678.69763,10691.8564
-2.47174e+18,trip,0,31.48,59.5,58.2,10691.8564,10704.51895
-2.47174e+18,charge,240,85.79,58.2,65.8,10704.51895,10704.51895
-2.47174e+18,trip,0,38.74,65.8,64.5,10704.51895,10723.10895
-2.47174e+18,charge,240,79.56,64.5,71.5,10723.10895,10723.10895
-2.47174e+18,trip,0,63.55,71.5,67.1,10723.10895,10756.52035
-2.47174e+18,charge,DC Charging,51.44,67.1,95.9,10756.52035,10756.52035
-2.47174e+18,trip,0,282.79,95.9,67.4,10756.52035,10889.6168
-2.47174e+18,trip,0,225.35,67.4,52.6,10889.6168,10969.0326
-2.47174e+18,charge,120,174.06,52.6,56.5,10969.0326,10969.0326
-2.47174e+18,trip,0,141.75,56.5,34.7,10969.0326,11070.20702
-2.47174e+18,trip,0,26.22,34.7,31.6,11070.20702,11087.1354
-2.47174e+18,charge,DC Charging,83.98,31.6,52.4,11087.1354,11087.1354
-2.47174e+18,trip,0,48.85,52.4,50.4,11087.1354,11104.71517
-2.47174e+18,trip,0,41.03,50.4,45.7,11104.71517,11132.79994
-2.47174e+18,trip,0,22.53,45.7,44.7,11132.79994,11142.31232
-2.47174e+18,trip,0,41.05,44.7,39.5,11142.31232,11169.71256
-2.47174e+18,charge,DC Charging,79.65,39.5,59.4,11169.71256,11169.71256
-2.47174e+18,trip,0,102.72,59.4,48.2,11169.71256,11228.82553
-2.47174e+18,charge,240,94.8,48.2,54.5,11228.82553,11228.82553
-2.47174e+18,trip,0,61.0,54.5,48.4,11228.82553,11260.83854
-2.47174e+18,charge,120,243.64,48.4,56.0,11260.83854,11260.83854
-2.47174e+18,trip,0,18.06,56.0,55.3,11260.83854,11270.85681
-2.47174e+18,trip,0,20.31,55.3,54.3,11270.85681,11281.70773
-2.47174e+18,trip,0,61.59,54.3,47.3,11281.70773,11322.53734
-2.47174e+18,trip,0,22.65,47.3,46.5,11322.53734,11333.99952
-2.47174e+18,charge,120,233.83,46.5,53.3,11333.99952,11333.99952
-2.47174e+18,trip,0,64.65,53.3,47.8,11333.99952,11366.01645
-2.47174e+18,charge,DC Charging,54.33,47.8,80.8,11366.01645,11366.01645
-2.47174e+18,trip,0,32.25,80.8,77.5,11366.01645,11383.36054
-2.47174e+18,trip,0,32.07,77.5,71.5,11383.36054,11407.45876
-2.47174e+18,charge,DC Charging,43.2,71.5,99.9,11407.45876,11407.45876
-2.47174e+18,trip,0,66.98,99.9,91.9,11407.45876,11454.81462
-2.47174e+18,trip,0,82.39,91.9,82.1,11454.81462,11513.55487
-2.47174e+18,trip,0,82.1,82.1,81.3,11513.55487,11526.74365
-2.47174e+18,trip,0,44.42,81.3,77.5,11526.74365,11550.65407
-2.47174e+18,charge,120,309.65,77.5,86.0,11550.65407,11550.65407
-2.47174e+18,trip,0,58.26,86.0,82.1,11550.65407,11576.85471
-2.47174e+18,trip,0,35.2,82.1,79.3,11576.85471,11595.19083
-2.47174e+18,charge,120,328.82,79.3,90.7,11595.19083,11595.19083
-2.47174e+18,trip,0,75.66,90.7,79.7,11595.19083,11641.71432
-2.47174e+18,trip,0,38.68,79.7,76.4,11641.71432,11666.71065
-2.47174e+18,trip,0,24.19,76.4,74.8,11666.71065,11680.80968
-2.47174e+18,trip,0,84.07,74.8,64.1,11680.80968,11738.99507
-2.47174e+18,trip,0,108.74,64.1,49.3,11738.99507,11817.697
-2.47174e+18,charge,DC Charging,66.44,49.3,82.0,11817.697,11817.697
-2.47174e+18,trip,0,190.43,82.0,79.6,11817.697,11845.13574
-2.47174e+18,trip,0,32.85,79.6,77.1,11845.13574,11862.76929
-2.47174e+18,trip,0,23.99,77.1,74.8,11862.76929,11875.7273
-2.47174e+18,trip,0,138.2,74.8,57.4,11875.7273,11961.57916
-2.47174e+18,charge,120,82.83,57.4,59.2,11961.57916,11961.57916
-2.47174e+18,trip,0,34.64,59.2,57.5,11961.57916,11979.11966
-2.47174e+18,trip,0,67.01,57.5,53.9,11979.11966,12003.04757
-2.47174e+18,charge,120,131.98,53.9,57.5,12003.04757,12003.04757
-2.47174e+18,trip,0,171.11,57.5,37.4,12003.04757,12105.78343
-2.47174e+18,charge,DC Charging,51.47,37.4,68.2,12105.78343,12105.78343
-2.47174e+18,trip,0,27.6,68.2,66.2,12105.78343,12125.02951
-2.47174e+18,charge,120,48.59,66.2,71.1,12125.02951,12125.02951
-2.47174e+18,trip,0,17.29,71.1,70.5,12125.02951,12136.21044
-2.47174e+18,trip,0,17.54,70.5,69.7,12136.21044,12146.63765
-2.47174e+18,charge,240,79.18,69.7,78.0,12146.63765,12146.63765
-2.47174e+18,trip,0,273.4,78.0,58.2,12146.63765,12272.04518
-2.47174e+18,trip,0,28.42,58.2,56.6,12272.04518,12284.96977
-2.47174e+18,trip,0,32.51,56.6,53.7,12284.96977,12303.87524
-2.47174e+18,charge,120,125.93,53.7,60.4,12303.87524,12303.87524
-2.47174e+18,trip,0,356.37,60.4,54.1,12303.87524,12370.17442
-2.47174e+18,charge,DC Charging,59.51,54.1,85.0,12370.17442,12370.17442
-2.47174e+18,trip,0,140.86,85.0,62.7,12370.17442,12479.91011
-2.47174e+18,trip,0,41.09,62.7,59.1,12479.91011,12501.68961
-2.47174e+18,charge,120,348.73,59.1,65.1,12501.68961,12501.68961
-2.47174e+18,trip,0,55.55,65.1,60.2,12501.68961,12530.44607
-2.47174e+18,trip,0,23.31,60.2,58.3,12530.44607,12543.42176
-2.47174e+18,trip,0,38.03,58.3,54.3,12543.42176,12568.35078
-2.47174e+18,trip,0,23.26,54.3,52.2,12568.35078,12583.78575
-2.47174e+18,trip,0,32.09,52.2,50.0,12583.78575,12602.41679
-2.47174e+18,trip,0,22.73,50.0,48.5,12602.41679,12615.11286
-2.47174e+18,trip,0,67.4,48.5,41.0,12615.11286,12661.27966
-2.47174e+18,trip,0,39.06,41.0,39.6,12661.27966,12682.35327
-2.47174e+18,charge,120,871.04,39.6,53.3,12682.35327,12682.35327
-2.47174e+18,trip,0,104.31,53.3,42.2,12682.35327,12745.20091
-2.47174e+18,trip,0,39.92,42.2,39.8,12745.20091,12762.92876
-2.47174e+18,trip,0,19.82,39.8,38.5,12762.92876,12775.57666
-2.47174e+18,charge,240,57.56,38.5,50.5,12775.57666,12775.57666
-2.47174e+18,trip,0,20.92,50.5,49.4,12775.57666,12788.47639
-2.47174e+18,trip,0,29.53,49.4,47.5,12788.47639,12802.91148
-2.47174e+18,trip,0,21.76,47.5,45.9,12802.91148,12815.21723
-2.47174e+18,charge,240,63.99,45.9,55.4,12815.21723,12815.21723
-2.47174e+18,trip,0,37.48,55.4,52.4,12815.21723,12834.25926
-2.47174e+18,trip,0,48.08,52.4,48.2,12834.25926,12854.88224
-2.47174e+18,trip,0,78.43,48.2,37.3,12854.88224,12910.27207
-2.47174e+18,trip,0,22.0,37.3,35.9,12910.27207,12921.15853
-2.47174e+18,trip,0,19.3,35.9,35.0,12921.15853,12933.30856
-2.47174e+18,charge,240,67.98,35.0,45.9,12933.30856,12933.30856
-2.47174e+18,trip,0,98.3,45.9,31.5,12933.30856,13003.37525
-2.47174e+18,trip,0,41.74,31.5,27.2,13003.37525,13030.52657
-2.47174e+18,trip,0,69.5,27.2,13.8,13030.52657,13087.35472
-2.47174e+18,charge,DC Charging,46.94,13.8,32.2,13087.35472,13087.35472
-2.47174e+18,trip,0,47.38,32.2,27.4,13087.35472,13117.66241
-2.47174e+18,trip,0,168.0,27.4,24.6,13117.66241,13149.7103
-2.47174e+18,charge,DC Charging,83.11,24.6,53.4,13149.7103,13149.7103
-2.47174e+18,charge,DC Charging,101.55,53.4,73.8,13149.7103,13149.7103
-2.47174e+18,trip,0,85.97,73.8,70.4,13149.7103,13182.23871
-2.47174e+18,trip,0,32.33,70.4,68.2,13182.23871,13198.52135
-2.47174e+18,charge,240,67.74,68.2,78.2,13198.52135,13198.52135
-2.47174e+18,trip,0,32.38,78.2,73.7,13198.52135,13220.09957
-2.47174e+18,trip,0,400.06,73.7,70.0,13220.09957,13282.68048
-2.47174e+18,trip,0,300.13,70.0,60.5,13282.68048,13324.12267
-2.47174e+18,trip,0,55.03,60.5,55.5,13324.12267,13360.62021
-2.47174e+18,trip,0,55.99,55.5,51.0,13360.62021,13386.64496
-2.47174e+18,charge,240,91.67,51.0,56.5,13386.64496,13386.64496
-2.47174e+18,trip,0,42.6,56.5,52.7,13386.64496,13411.2617
-2.47174e+18,trip,0,61.92,52.7,47.5,13411.2617,13437.93869
-2.47174e+18,trip,0,26.86,47.5,45.2,13437.93869,13454.07709
-2.47174e+18,charge,240,93.7,45.2,56.6,13454.07709,13454.07709
-2.47174e+18,trip,120,548.4,56.6,53.4,13454.07709,13515.48478
-2.47174e+18,trip,0,26.65,53.4,49.0,13515.48478,13533.93023
-2.47174e+18,charge,DC Charging,38.02,49.0,78.4,13533.93023,13533.93023
-2.47174e+18,trip,0,23.89,78.4,76.7,13533.93023,13547.46163
-2.47174e+18,trip,0,25.49,76.7,74.9,13547.46163,13561.88096
-2.47174e+18,trip,0,32.01,74.9,72.5,13561.88096,13580.06645
-2.47174e+18,trip,0,70.89,72.5,66.2,13580.06645,13616.12842
-2.47174e+18,trip,0,29.7,66.2,63.7,13616.12842,13632.2715
-2.47174e+18,trip,0,31.06,63.7,62.0,13632.2715,13646.84022
-2.47174e+18,trip,0,74.21,62.0,53.3,13646.84022,13697.6615
-2.47174e+18,trip,0,131.58,53.3,35.7,13697.6615,13786.5668
-2.47174e+18,charge,120,158.75,35.7,41.7,13786.5668,13786.5668
-2.47174e+18,trip,0,104.4,41.7,27.3,13786.5668,13845.79996
-2.47174e+18,trip,0,25.12,27.3,25.0,13845.79996,13861.31411
-2.47174e+18,charge,DC Charging,74.05,25.0,47.8,13861.31411,13861.31411
-2.47174e+18,charge,DC Charging,49.97,47.8,81.8,13861.31411,13861.31411
-2.47174e+18,trip,0,42.26,81.8,77.0,13861.31411,13890.00581
-2.47174e+18,charge,120,464.64,77.0,81.7,13890.00581,13890.00581
-2.47174e+18,trip,0,182.55,81.7,62.4,13890.00581,13999.61834
-2.47174e+18,charge,120,546.1,62.4,73.9,13999.61834,13999.61834
-2.47174e+18,trip,0,69.39,73.9,68.1,13999.61834,14039.07823
-2.47174e+18,trip,0,21.07,68.1,66.3,14039.07823,14050.43139
-2.47174e+18,trip,0,89.42,66.3,51.8,14050.43139,14122.5986
-2.47174e+18,charge,DC Charging,62.55,51.8,76.0,14122.5986,14122.5986
-2.47174e+18,trip,0,209.2,76.0,48.0,14122.5986,14268.03277
-2.47174e+18,trip,0,74.97,48.0,38.1,14268.03277,14308.10375
-2.47174e+18,trip,0,45.12,38.1,34.2,14308.10375,14333.61222
-2.47174e+18,charge,240,59.4,34.2,49.5,14333.61222,14333.61222
-2.47174e+18,charge,240,34.18,49.5,63.0,14333.61222,14333.61222
-2.47174e+18,trip,0,30.13,63.0,59.7,14333.61222,14352.53909
-2.47174e+18,trip,0,76.13,59.7,50.0,14352.53909,14402.01929
-2.47174e+18,trip,0,18.62,50.0,49.3,14402.01929,14412.89433
-2.47174e+18,trip,0,38.09,49.3,47.3,14412.89433,14427.7511
-2.47174e+18,trip,0,55.74,47.3,43.3,14427.7511,14456.65554
-2.47174e+18,charge,DC Charging,54.58,43.3,61.2,14456.65554,14456.65554
-2.47174e+18,trip,0,28.5,61.2,58.9,14456.65554,14471.10953
-2.47174e+18,charge,120,222.49,58.9,65.1,14471.10953,14471.10953
-2.47174e+18,charge,120,148.93,65.1,70.2,14471.10953,14471.10953
-2.47174e+18,trip,0,24.98,70.2,68.6,14471.10953,14485.20305
-2.47174e+18,trip,0,62.86,68.6,61.8,14485.20305,14527.42029
-2.47174e+18,trip,0,52.01,61.8,57.5,14527.42029,14557.27473
-2.47174e+18,trip,0,47.13,57.5,56.3,14557.27473,14575.70946
-2.47174e+18,trip,0,20.19,56.3,55.2,14575.70946,14587.01988
-2.47174e+18,trip,0,24.08,55.2,54.1,14587.01988,14599.5458
-2.47174e+18,trip,0,65.46,54.1,48.9,14599.5458,14632.66844
-2.47174e+18,charge,120,399.95,48.9,60.0,14632.66844,14632.66844
-2.47174e+18,trip,0,86.33,60.0,50.9,14632.66844,14684.81301
-2.47174e+18,trip,0,44.89,50.9,46.1,14684.81301,14710.7568
-2.47174e+18,trip,0,43.31,46.1,44.3,14710.7568,14730.94675
-2.47174e+18,trip,0,29.22,44.3,41.8,14730.94675,14747.07971
-2.47174e+18,trip,0,19.07,41.8,40.9,14747.07971,14759.09779
-2.47174e+18,charge,120,70.14,40.9,45.0,14759.09779,14759.09779
-2.47174e+18,trip,0,99.83,45.0,34.5,14759.09779,14814.24387
-2.47174e+18,trip,0,30.48,34.5,32.0,14814.24387,14831.3778
-2.47174e+18,trip,0,49.76,32.0,24.3,14831.3778,14868.69232
-2.47174e+18,charge,DC Charging,54.48,24.3,48.7,14868.69232,14868.69232
-2.47174e+18,trip,0,42.53,48.7,46.0,14868.69232,14893.65113
-2.47174e+18,charge,120,90.33,46.0,49.1,14893.65113,14893.65113
-2.47174e+18,trip,0,39.93,49.1,46.4,14893.65113,14911.90413
-2.47174e+18,charge,120,391.03,46.4,57.9,14911.90413,14911.90413
-2.47174e+18,trip,0,18.14,57.9,57.1,14911.90413,14922.42034
-2.47174e+18,charge,240,59.95,57.1,70.5,14922.42034,14922.42034
-2.47174e+18,trip,0,39.0,70.5,67.2,14922.42034,14947.31913
-2.47174e+18,trip,0,20.69,67.2,65.3,14947.31913,14959.58443
-2.47174e+18,trip,0,122.37,65.3,47.5,14959.58443,15049.32517
-2.47174e+18,trip,0,54.94,47.5,42.5,15049.32517,15081.4652
-2.47174e+18,trip,0,42.27,42.5,39.1,15081.4652,15105.13238
-2.47174e+18,charge,120,206.14,39.1,49.0,15105.13238,15105.13238
-2.47174e+18,trip,0,61.13,49.0,44.3,15105.13238,15134.61727
-2.47174e+18,charge,120,167.53,44.3,49.6,15134.61727,15134.61727
-2.47174e+18,trip,0,27.28,49.6,48.5,15134.61727,15149.21632
-2.47174e+18,trip,0,151.45,48.5,28.7,15149.21632,15247.60851
-2.47174e+18,charge,DC Charging,47.43,28.7,58.4,15247.60851,15247.60851
-2.47174e+18,trip,0,89.84,58.4,44.8,15247.60851,15313.6307
-2.47174e+18,trip,0,68.19,44.8,36.5,15313.6307,15354.42674
-2.47174e+18,charge,DC Charging,49.69,36.5,60.2,15354.42674,15354.42674
-2.47174e+18,charge,DC Charging,54.84,60.2,88.8,15354.42674,15354.42674
-2.47174e+18,trip,0,171.83,88.8,66.5,15354.42674,15475.41612
-2.47174e+18,trip,0,50.32,66.5,63.2,15475.41612,15499.31317
-2.47174e+18,charge,120,79.03,63.2,64.7,15499.31317,15499.31317
-2.47174e+18,trip,0,23.87,64.7,62.9,15499.31317,15512.02809
-2.47174e+18,trip,0,22.69,62.9,63.8,15512.02809,15519.96276
-2.47174e+18,trip,0,133.47,63.8,47.1,15519.96276,15606.87843
-2.47174e+18,charge,120,285.71,47.1,54.7,15606.87843,15606.87843
-2.47174e+18,trip,0,105.37,54.7,41.5,15606.87843,15675.5106
-2.47174e+18,trip,0,40.67,41.5,37.7,15675.5106,15694.82413
-2.47174e+18,trip,0,70.62,37.7,33.7,15694.82413,15719.55136
-2.47174e+18,trip,0,129.23,33.7,19.8,15719.55136,15793.29113
-2.47174e+18,charge,120,898.52,19.8,34.3,15793.29113,15793.29113
-2.47174e+18,trip,0,155.01,34.3,24.9,15793.29113,15854.25665
-2.47174e+18,charge,DC Charging,51.85,24.9,46.8,15854.25665,15854.25665
-2.47174e+18,trip,0,24.66,46.8,44.5,15854.25665,15867.37207
-2.47174e+18,trip,0,21.92,44.5,43.5,15867.37207,15879.10979
-2.47174e+18,charge,120,225.7,43.5,48.9,15879.10979,15879.10979
-2.47174e+18,trip,0,35.26,48.9,47.1,15879.10979,15898.93586
-2.47174e+18,trip,0,45.3,47.1,42.9,15898.93586,15920.86699
-2.47174e+18,charge,120,130.73,42.9,49.7,15920.86699,15920.86699
-2.47174e+18,trip,0,41.72,49.7,45.4,15920.86699,15944.48803
-2.47174e+18,trip,0,20.08,45.4,44.2,15944.48803,15954.40021
-2.47174e+18,trip,0,17.94,44.2,43.0,15954.40021,15966.87917
-2.47174e+18,charge,DC Charging,43.92,43.0,70.2,15966.87917,15966.87917
-2.47174e+18,trip,0,23.24,70.2,69.7,15966.87917,15976.96709
-2.47174e+18,trip,0,17.58,69.7,69.0,15976.96709,15985.55427
-2.47174e+18,trip,0,17.39,69.0,68.3,15985.55427,15995.64701
-2.47174e+18,charge,120,40.15,68.3,70.9,15995.64701,15995.64701
-2.47174e+18,trip,0,22.55,70.9,69.9,15995.64701,16009.15142
-2.47174e+18,trip,0,93.43,69.9,62.6,16009.15142,16046.72173
-2.47174e+18,trip,0,65.11,62.6,57.8,16046.72173,16076.35048
-2.47174e+18,charge,120,173.97,57.8,60.1,16076.35048,16076.35048
-2.47174e+18,trip,0,95.7,60.1,48.2,16076.35048,16132.97703
-2.47174e+18,charge,120,84.98,48.2,50.0,16132.97703,16132.97703
-2.47174e+18,trip,0,58.53,50.0,43.7,16132.97703,16165.3612
-2.47174e+18,trip,0,23.74,43.7,42.3,16165.3612,16178.84112
-2.47174e+18,trip,0,25.48,42.3,40.5,16178.84112,16192.76506
-2.47174e+18,trip,0,220.72,40.5,30.4,16192.76506,16256.69808
-2.47174e+18,charge,DC Charging,57.85,30.4,48.6,16256.69808,16256.69808
-2.47174e+18,trip,0,41.76,48.6,44.2,16256.69808,16284.72326
-2.47174e+18,trip,0,19.4,44.2,43.3,16284.72326,16295.64842
-2.47174e+18,trip,0,39.22,43.3,39.7,16295.64842,16318.32028
-2.47174e+18,trip,0,53.8,39.7,35.3,16318.32028,16349.92776
-2.47174e+18,charge,120,43.29,35.3,50.4,16349.92776,16349.92776
-2.47174e+18,trip,0,65.57,50.4,42.6,16349.92776,16387.10329
-2.47174e+18,trip,0,105.03,42.6,29.6,16387.10329,16454.45031
-2.47174e+18,charge,120,346.82,29.6,40.0,16454.45031,16454.45031
-2.47174e+18,trip,0,39.94,40.0,36.2,16454.45031,16475.66475
-2.47174e+18,trip,0,60.22,36.2,31.4,16475.66475,16505.69715
-2.47174e+18,trip,0,27.51,31.4,28.8,16505.69715,16521.49886
-2.47174e+18,trip,0,58.58,28.8,21.7,16521.49886,16563.70253
-2.47174e+18,trip,0,23.64,21.7,19.7,16563.70253,16576.00923
-2.47174e+18,trip,0,35.44,19.7,13.3,16576.00923,16604.71599
-2.47174e+18,charge,DC Charging,39.13,13.3,47.7,16604.71599,16604.71599
-2.47174e+18,trip,0,31.74,47.7,44.6,16604.71599,16627.62039
-2.47174e+18,charge,DC Charging,70.93,44.6,75.5,16627.62039,16627.62039
-2.47174e+18,trip,0,163.76,75.5,70.6,16627.62039,16666.43789
-2.47174e+18,trip,0,164.53,70.6,53.8,16666.43789,16750.18661
-2.47174e+18,trip,0,32.14,53.8,52.6,16750.18661,16764.04559
-2.47174e+18,charge,240,72.72,52.6,60.0,16764.04559,16764.04559
-2.47174e+18,charge,240,102.99,60.0,64.9,16764.04559,16764.04559
-2.47174e+18,trip,0,25.28,64.9,63.7,16764.04559,16774.7103
-2.47174e+18,trip,0,41.96,63.7,59.2,16774.7103,16797.58399
-2.47174e+18,trip,0,58.65,59.2,54.8,16797.58399,16827.63827
-2.47174e+18,charge,120,124.64,54.8,60.1,16827.63827,16827.63827
-2.47174e+18,trip,0,93.79,60.1,46.7,16827.63827,16891.42831
-2.47174e+18,trip,0,40.99,46.7,42.8,16891.42831,16915.81947
-2.47174e+18,trip,0,20.84,42.8,41.8,16915.81947,16927.41323
-2.47174e+18,trip,0,18.28,41.8,41.1,16927.41323,16937.78161
-2.47174e+18,trip,0,35.45,41.1,37.9,16937.78161,16956.94006
-2.47174e+18,trip,0,146.67,37.9,20.3,16956.94006,17059.83646
-2.47174e+18,trip,0,65.2,20.3,14.0,17059.83646,17097.11849
-2.47174e+18,trip,0,23.27,14.0,10.9,17097.11849,17114.31616
-2.47174e+18,charge,DC Charging,43.92,10.9,40.3,17114.31616,17114.31616
-2.47174e+18,trip,0,31.56,40.3,38.1,17114.31616,17133.58602
-2.47174e+18,trip,0,47.2,38.1,33.6,17133.58602,17161.31315
-2.47174e+18,trip,0,31.28,33.6,34.5,17161.31315,17169.33861
-2.47174e+18,trip,0,23.6,34.5,32.9,17169.33861,17183.16577
-2.47174e+18,trip,0,18.82,32.9,31.9,17183.16577,17192.87706
-2.47174e+18,trip,0,54.4,31.9,26.6,17192.87706,17227.49724
-2.47174e+18,charge,120,159.33,26.6,35.1,17227.49724,17227.49724
-2.47174e+18,trip,0,20.58,35.1,33.1,17227.49724,17239.53046
-2.47174e+18,charge,DC Charging,43.95,33.1,67.3,17239.53046,17239.53046
-2.47174e+18,trip,0,51.78,67.3,62.4,17239.53046,17274.67607
-2.47174e+18,charge,240,60.03,62.4,79.6,17274.67607,17274.67607
-2.47174e+18,trip,0,72.41,79.6,70.3,17274.67607,17323.86827
-2.47174e+18,trip,0,122.8,70.3,56.3,17323.86827,17402.03253
-2.47174e+18,trip,0,54.37,56.3,53.8,17402.03253,17425.37953
-2.47174e+18,trip,0,30.24,53.8,51.6,17425.37953,17441.50843
-2.47174e+18,trip,0,48.55,51.6,47.6,17441.50843,17470.03697
-2.47174e+18,trip,0,34.54,47.6,46.7,17470.03697,17484.81336
-2.47174e+18,trip,0,19.03,46.7,45.9,17484.81336,17495.17541
-2.47174e+18,trip,0,23.46,45.9,44.4,17495.17541,17506.94346
-2.47174e+18,trip,0,91.48,44.4,31.9,17506.94346,17570.45155
-2.47174e+18,charge,DC Charging,44.85,31.9,65.8,17570.45155,17570.45155
-2.47174e+18,trip,0,85.35,65.8,49.6,17570.45155,17640.59216
-2.47174e+18,charge,240,62.33,49.6,57.5,17640.59216,17640.59216
-2.47174e+18,trip,0,42.12,57.5,53.5,17640.59216,17664.44048
-2.47174e+18,charge,120,250.13,53.5,61.4,17664.44048,17664.44048
-2.47174e+18,trip,0,61.91,61.4,57.3,17664.44048,17690.6865
-2.47174e+18,charge,120,149.68,57.3,61.8,17690.6865,17690.6865
-2.47174e+18,trip,0,31.57,61.8,59.6,17690.6865,17707.61506
-2.47174e+18,trip,0,21.11,59.6,58.6,17707.61506,17720.22144
-2.47174e+18,charge,240,82.33,58.6,65.3,17720.22144,17720.22144
-2.47174e+18,trip,0,39.57,65.3,61.3,17720.22144,17743.56853
-2.47174e+18,trip,0,37.69,61.3,57.5,17743.56853,17763.55482
-2.47174e+18,charge,120,284.36,57.5,62.9,17763.55482,17763.55482
-2.47174e+18,trip,0,32.01,62.9,61.0,17763.55482,17779.87968
-2.47174e+18,trip,0,20.37,61.0,59.7,17779.87968,17790.96214
-2.47174e+18,trip,0,17.29,59.7,58.8,17790.96214,17799.67942
-2.47174e+18,trip,0,18.59,58.8,58.1,17799.67942,17810.8513
-2.47174e+18,charge,240,75.16,58.1,65.3,17810.8513,17810.8513
-2.47174e+18,trip,0,96.49,65.3,52.4,17810.8513,17876.1635
-2.47174e+18,trip,0,90.88,52.4,42.6,17876.1635,17930.66993
-2.47174e+18,trip,0,33.71,42.6,40.1,17930.66993,17947.97011
-2.47174e+18,trip,0,31.47,40.1,38.2,17947.97011,17964.12461
-2.47174e+18,charge,120,532.49,38.2,51.6,17964.12461,17964.12461
-2.47174e+18,trip,0,59.65,51.6,48.2,17964.12461,17994.74536
-2.47174e+18,trip,0,37.33,48.2,45.8,17994.74536,18014.08551
-2.47174e+18,charge,DC Charging,60.79,45.8,66.7,18014.08551,18014.08551
-2.47174e+18,trip,0,33.77,66.7,64.1,18014.08551,18031.95614
-2.47174e+18,charge,120,208.94,64.1,70.5,18031.95614,18031.95614
-2.47174e+18,trip,0,34.03,70.5,68.3,18031.95614,18050.95987
-2.47174e+18,trip,0,149.91,68.3,51.6,18050.95987,18139.23463
-2.47174e+18,trip,0,37.28,51.6,48.1,18139.23463,18160.51223
-2.47174e+18,trip,0,146.0,48.1,31.2,18160.51223,18249.46063
-2.47174e+18,charge,DC Charging,42.35,31.2,62.2,18249.46063,18249.46063
-2.47174e+18,trip,0,55.35,62.2,55.1,18249.46063,18288.71648
-2.47174e+18,trip,0,32.85,55.1,51.3,18288.71648,18307.54096
-2.47174e+18,charge,120,187.88,51.3,57.9,18307.54096,18307.54096
-2.47174e+18,trip,0,57.42,57.9,54.6,18307.54096,18331.09521
-2.47174e+18,trip,0,38.48,54.6,51.7,18331.09521,18350.88357
-2.47174e+18,trip,0,78.4,51.7,43.5,18350.88357,18392.30311
-2.47174e+18,charge,120,73.68,43.5,50.2,18392.30311,18392.30311
-2.47174e+18,trip,0,22.07,50.2,49.1,18392.30311,18404.83337
-2.47174e+18,trip,0,20.73,49.1,48.1,18404.83337,18416.36574
-2.47174e+18,charge,240,84.07,48.1,59.0,18416.36574,18416.36574
-2.47174e+18,charge,120,98.99,59.0,60.7,18416.36574,18416.36574
-2.47174e+18,trip,0,47.94,60.7,55.8,18416.36574,18445.22785
-2.47174e+18,trip,0,53.12,55.8,50.3,18445.22785,18478.1469
-2.47174e+18,charge,240,144.9,50.3,58.0,18478.1469,18478.1469
-2.47174e+18,trip,0,27.38,58.0,57.1,18478.1469,18492.30731
-2.47174e+18,charge,120,103.12,57.1,59.5,18492.30731,18492.30731
-2.47174e+18,trip,0,150.37,59.5,36.6,18492.30731,18600.50144
-2.47174e+18,trip,0,68.11,36.6,34.2,18600.50144,18626.53133
-2.47174e+18,charge,120,500.68,34.2,46.3,18626.53133,18626.53133
-2.47174e+18,trip,0,66.89,46.3,40.7,18626.53133,18665.97263
-2.47174e+18,trip,0,31.31,40.7,39.1,18665.97263,18679.59452
-2.47174e+18,charge,DC Charging,63.71,39.1,57.6,18679.59452,18679.59452
-2.47174e+18,trip,0,49.67,57.6,54.9,18679.59452,18705.67911
-2.47174e+18,trip,0,22.85,54.9,52.9,18705.67911,18719.6388
-2.47174e+18,trip,0,128.46,52.9,34.2,18719.6388,18814.98426
-2.47174e+18,trip,0,98.04,34.2,19.1,18814.98426,18895.30778
-2.47174e+18,charge,DC Charging,57.9,19.1,52.2,18895.30778,18895.30778
-2.47174e+18,trip,0,90.72,52.2,40.8,18895.30778,18955.01675
-2.47174e+18,trip,0,165.54,40.8,17.6,18955.01675,19082.47269
-2.47174e+18,charge,120,102.27,17.6,24.5,19082.47269,19082.47269
-2.47174e+18,trip,0,43.42,24.5,20.9,19082.47269,19106.31973
-2.47174e+18,trip,0,42.88,20.9,18.0,19106.31973,19132.18834
-2.47174e+18,trip,0,102.45,18.0,8.2,19132.18834,19187.04853
-2.47174e+18,charge,120,347.62,8.2,12.6,19187.04853,19187.04853
-2.47174e+18,trip,0,51.57,12.6,8.4,19187.04853,19220.92388
-2.47174e+18,charge,DC Charging,64.73,8.4,32.1,19220.92388,19220.92388
-2.47174e+18,trip,0,43.59,32.1,30.0,19220.92388,19239.53289
-2.47174e+18,charge,DC Charging,49.41,30.0,47.5,19239.53289,19239.53289
-2.47174e+18,trip,0,30.08,47.5,46.4,19239.53289,19255.44677
-2.47174e+18,charge,DC Charging,68.12,46.4,78.4,19255.44677,19255.44677
-2.47174e+18,trip,0,91.91,78.4,70.0,19255.44677,19297.65366
-2.47174e+18,trip,0,34.49,70.0,65.4,19297.65366,19318.26804
-2.47174e+18,charge,120,76.43,65.4,70.6,19318.26804,19318.26804
-2.47174e+18,trip,0,136.72,70.6,48.4,19318.26804,19418.53556
-2.47174e+18,trip,0,26.45,48.4,45.7,19418.53556,19433.48952
-2.47174e+18,trip,0,45.1,45.7,43.7,19433.48952,19455.81382
-2.47174e+18,charge,120,244.18,43.7,50.9,19455.81382,19455.81382
-2.47174e+18,trip,0,19.63,50.9,49.8,19455.81382,19468.05299
-2.47174e+18,trip,0,30.87,49.8,47.4,19468.05299,19486.46338
-2.47174e+18,trip,0,66.75,47.4,37.9,19486.46338,19537.62233
-2.47174e+18,trip,0,91.37,37.9,29.1,19537.62233,19584.0344
-2.47174e+18,trip,0,27.58,29.1,26.7,19584.0344,19599.83853
-2.47174e+18,trip,0,60.38,26.7,25.9,19599.83853,19613.45839
-2.47174e+18,charge,120,130.16,25.9,33.9,19613.45839,19613.45839
-2.47174e+18,trip,0,30.85,33.9,30.7,19613.45839,19629.21338
-2.47174e+18,charge,120,206.22,30.7,38.1,19629.21338,19629.21338
-2.47174e+18,trip,0,63.07,38.1,33.2,19629.21338,19662.18271
-2.47174e+18,charge,DC Charging,53.88,33.2,49.4,19662.18271,19662.18271
-2.47174e+18,trip,0,31.53,49.4,46.8,19662.18271,19681.91617
-2.47174e+18,trip,0,39.95,46.8,43.1,19681.91617,19706.44794
-2.47174e+18,charge,120,81.7,43.1,48.6,19706.44794,19706.44794
-2.47174e+18,trip,0,80.55,48.6,43.3,19706.44794,19739.42325
-2.47174e+18,charge,120,255.74,43.3,46.6,19739.42325,19739.42325
-2.47174e+18,trip,0,161.74,46.6,25.7,19739.42325,19837.44054
-2.47174e+18,trip,0,20.42,25.7,24.8,19837.44054,19848.04196
-2.47174e+18,trip,0,38.95,24.8,21.5,19848.04196,19871.1893
-2.47174e+18,trip,0,76.54,21.5,9.7,19871.1893,19931.03751
