event,charge_mode,duration_minutes,soc,end_soc,odo,end_odo
charge,DC Charging,195.22,10.0,96.3,2096.0,2096.0
trip,0,33.93,96.3,91.1,2096.0,2123.01941
trip,0,38.03,91.1,87.2,2123.01941,2148.08351
trip,0,20.57,87.2,85.8,2148.08351,2162.36306
trip,0,117.28,85.8,68.6,2162.36306,2251.3922
trip,0,134.13,68.6,49.4,2251.3922,2351.74821
trip,0,212.25,49.4,27.7,2351.74821,2485.34801
charge,120,180.39,27.7,33.1,2485.34801,2485.34801
trip,0,30.51,33.1,29.4,2485.34801,2504.71892
charge,DC Charging,36.46,29.4,64.2,2504.71892,2504.71892
trip,0,111.29,64.2,43.1,2504.71892,2610.39926
charge,DC Charging,50.21,43.1,73.1,2610.39926,2610.39926
trip,0,143.12,73.1,47.4,2610.39926,2735.55516
trip,0,91.56,47.4,44.7,2735.55516,2744.98358
trip,0,31.18,44.7,41.1,2744.98358,2761.0552
charge,240,100.25,41.1,52.8,2761.0552,2761.0552
trip,0,37.41,52.8,49.1,2761.0552,2783.66436
trip,0,60.18,49.1,41.5,2783.66436,2820.72869
trip,0,31.56,41.5,39.6,2820.72869,2836.10577
charge,120,28.62,39.6,48.6,2836.10577,2836.10577
trip,0,9.91,48.6,46.9,2836.10577,2843.95762
trip,0,67.78,46.9,37.0,2843.95762,2896.05444
charge,DC Charging,69.97,37.0,68.3,2896.05444,2896.05444
trip,0,175.88,68.3,48.5,2896.05444,3002.09148
charge,240,60.65,48.5,60.4,3002.09148,3002.09148
trip,0,146.55,60.4,44.5,3002.09148,3065.70312
trip,0,57.55,44.5,35.0,3065.70312,3104.26497
charge,240,48.53,35.0,45.0,3104.26497,3104.26497
trip,0,177.0,45.0,26.2,3104.26497,3220.59546
trip,0,41.41,26.2,21.4,3220.59546,3248.58436
trip,0,21.85,21.4,20.3,3248.58436,3262.21542
trip,0,13.55,20.3,19.5,3262.21542,3271.52815
trip,0,15.01,19.5,18.5,3271.52815,3281.73025
trip,0,15.47,18.5,17.3,3281.73025,3292.74453
trip,0,8.98,17.3,18.2,3292.74453,3299.32964
trip,0,11.8,18.2,15.9,3299.32964,3308.42519
trip,0,14.28,15.9,15.2,3308.42519,3319.28433
charge,DC Charging,60.87,15.2,48.1,3319.28433,3319.28433
trip,0,39.92,48.1,44.7,3319.28433,3339.17423
charge,120,61.9,44.7,52.1,3339.17423,3339.17423
trip,0,42.81,52.1,47.0,3339.17423,3363.56287
trip,0,59.59,47.0,37.9,3363.56287,3407.45276
trip,0,69.61,37.9,31.2,3407.45276,3432.4588
charge,DC Charging,30.94,31.2,65.0,3432.4588,3432.4588
trip,0,12.08,65.0,64.4,3432.4588,3443.5071
trip,0,103.19,64.4,51.9,3443.5071,3508.4086
trip,0,117.46,51.9,37.6,3508.4086,3582.26239
charge,120,787.26,37.6,56.0,3582.26239,3582.26239
trip,0,343.43,56.0,30.8,3582.26239,3701.12577
trip,0,37.24,30.8,25.4,3701.12577,3727.55548
charge,120,207.03,25.4,32.9,3727.55548,3727.55548
trip,0,39.72,32.9,28.6,3727.55548,3755.20741
trip,0,57.99,28.6,21.7,3755.20741,3796.95149
trip,0,98.34,21.7,11.9,3796.95149,3861.44751
charge,DC Charging,76.04,11.9,40.6,3861.44751,3861.44751
trip,0,50.64,40.6,34.9,3861.44751,3883.11508
charge,240,51.44,34.9,50.6,3883.11508,3883.11508
trip,0,17.15,50.6,49.0,3883.11508,3894.15099
charge,120,50.08,49.0,56.8,3894.15099,3894.15099
trip,0,71.41,56.8,49.6,3894.15099,3929.51737
charge,120,367.06,49.6,61.2,3929.51737,3929.51737
trip,0,92.85,61.2,45.1,3929.51737,4003.66513
trip,0,17.93,45.1,42.5,4003.66513,4016.97134
trip,0,99.59,42.5,28.0,4016.97134,4094.03167
charge,DC Charging,57.53,28.0,59.1,4094.03167,4094.03167
trip,0,87.34,59.1,48.1,4094.03167,4153.24508
trip,0,46.05,48.1,43.1,4153.24508,4184.60536
trip,0,161.85,43.1,34.6,4184.60536,4220.64671
trip,0,143.02,34.6,10.2,4220.64671,4340.17757
trip,0,37.28,10.2,4.6,4340.17757,4365.70539
charge,0,39.09,4.6,9.5,4365.70539,4365.70539
trip,0,22.73,9.5,7.2,4365.70539,4381.68711
trip,0,21.97,7.2,4.9,4381.68711,4395.86552
charge,120,207.29,4.9,21.0,4395.86552,4395.86552
trip,0,38.22,21.0,15.6,4395.86552,4419.55739
charge,240,48.56,15.6,24.8,4419.55739,4419.55739
trip,0,28.8,24.8,20.5,4419.55739,4441.53877
trip,0,16.62,20.5,17.8,4441.53877,4454.55273
charge,DC Charging,25.57,17.8,43.0,4454.55273,4454.55273
trip,0,62.24,43.0,35.6,4454.55273,4499.64575
charge,240,41.29,35.6,52.2,4499.64575,4499.64575
trip,0,75.4,52.2,37.9,4499.64575,4567.89658
charge,DC Charging,40.15,37.9,68.1,4567.89658,4567.89658
trip,0,54.85,68.1,59.6,4567.89658,4599.67621
trip,0,17.78,59.6,58.2,4599.67621,4610.01764
trip,0,57.56,58.2,52.6,4610.01764,4646.00685
trip,0,116.44,52.6,38.7,4646.00685,4715.70591
charge,0,99.45,38.7,39.5,4715.70591,4715.70591
trip,0,127.37,39.5,20.2,4715.70591,4808.13815
trip,0,117.13,20.2,7.1,4808.13815,4860.76819
charge,120,1355.86,7.1,29.3,4860.76819,4860.76819
trip,0,102.35,29.3,13.6,4860.76819,4940.42204
trip,0,34.22,13.6,10.4,4940.42204,4964.82369
charge,DC Charging,87.41,10.4,71.0,4964.82369,4964.82369
trip,0,80.26,71.0,69.3,4964.82369,4976.27343
charge,DC Charging,55.84,69.3,96.3,4976.27343,4976.27343
trip,0,23.86,96.3,93.8,4976.27343,4991.8896
trip,0,298.84,93.8,85.1,4991.8896,5041.4797
trip,0,91.33,85.1,83.8,5041.4797,5053.69114
charge,120,89.21,83.8,90.0,5053.69114,5053.69114
trip,0,141.6,90.0,67.5,5053.69114,5154.69917
trip,0,13.08,67.5,65.5,5154.69917,5164.4654
trip,0,17.77,65.5,63.9,5164.4654,5176.0823
trip,0,53.85,63.9,58.4,5176.0823,5195.05112
charge,120,156.98,58.4,73.6,5195.05112,5195.05112
trip,0,192.71,73.6,45.1,5195.05112,5347.59984
charge,DC Charging,46.61,45.1,71.0,5347.59984,5347.59984
trip,0,71.34,71.0,65.6,5347.59984,5364.85671
trip,0,225.25,65.6,40.6,5364.85671,5486.15774
charge,240,124.99,40.6,47.1,5486.15774,5486.15774
trip,0,57.33,47.1,40.5,5486.15774,5521.74625
charge,DC Charging,39.32,40.5,72.6,5521.74625,5521.74625
trip,0,68.96,72.6,71.5,5521.74625,5531.56386
trip,0,21.77,71.5,69.3,5531.56386,5544.08191
trip,0,73.51,69.3,61.8,5544.08191,5591.5904
charge,120,76.51,61.8,68.2,5591.5904,5591.5904
trip,0,14.92,68.2,67.0,5591.5904,5601.77606
charge,DC Charging,56.63,67.0,97.1,5601.77606,5601.77606
trip,0,188.6,97.1,69.1,5601.77606,5746.8899
trip,0,53.68,69.1,60.6,5746.8899,5788.48291
trip,0,24.35,60.6,57.1,5788.48291,5806.33242
trip,0,253.51,57.1,29.4,5806.33242,5970.55201
charge,240,29.37,29.4,45.8,5970.55201,5970.55201
trip,0,14.37,45.8,44.0,5970.55201,5981.26717
trip,0,31.04,44.0,41.1,5981.26717,6002.5394
trip,0,165.48,41.1,16.4,6002.5394,6124.51009
trip,0,71.0,16.4,4.5,6124.51009,6180.47814
trip,0,14.11,4.5,3.9,6180.47814,6190.16719
charge,DC Charging,144.21,3.9,59.8,6190.16719,6190.16719
trip,0,38.4,59.8,56.3,6190.16719,6211.56027
trip,0,20.08,56.3,54.3,6211.56027,6223.07281
charge,DC Charging,39.41,54.3,75.5,6223.07281,6223.07281
trip,0,32.4,75.5,72.0,6223.07281,6244.12956
charge,120,420.45,72.0,82.2,6244.12956,6244.12956
trip,0,36.91,82.2,79.0,6244.12956,6270.16961
trip,0,11.05,79.0,77.5,6270.16961,6278.38063
trip,0,22.99,77.5,74.9,6278.38063,6293.76085
trip,0,46.51,74.9,71.0,6293.76085,6322.33926
charge,120,91.72,71.0,76.5,6322.33926,6322.33926
trip,0,30.69,76.5,73.1,6322.33926,6345.15478
charge,120,174.83,73.1,79.6,6345.15478,6345.15478
trip,0,86.49,79.6,69.6,6345.15478,6394.54569
charge,120,664.76,69.6,79.1,6394.54569,6394.54569
trip,0,165.76,79.1,62.7,6394.54569,6473.08745
trip,0,19.27,62.7,60.5,6473.08745,6485.34757
trip,0,13.8,60.5,59.4,6485.34757,6494.81108
trip,0,53.76,59.4,52.9,6494.81108,6533.95529
trip,0,62.27,52.9,44.8,6533.95529,6581.79898
trip,0,58.45,44.8,35.7,6581.79898,6622.63807
charge,120,172.48,35.7,41.7,6622.63807,6622.63807
trip,0,137.14,41.7,39.1,6622.63807,6637.13359
charge,DC Charging,32.73,39.1,73.8,6637.13359,6637.13359
trip,0,35.38,73.8,67.9,6637.13359,6661.14677
trip,0,33.45,67.9,64.7,6661.14677,6680.19685
charge,120,40.51,64.7,75.7,6680.19685,6680.19685
trip,0,20.34,75.7,72.8,6680.19685,6695.62251
trip,0,116.36,72.8,55.7,6695.62251,6775.11586
charge,120,148.3,55.7,60.7,6775.11586,6775.11586
trip,0,29.48,60.7,58.3,6775.11586,6791.43331
trip,0,11.36,58.3,57.2,6791.43331,6799.74721
trip,0,61.49,57.2,48.1,6799.74721,6845.83621
charge,DC Charging,36.88,48.1,71.3,6845.83621,6845.83621
trip,0,311.13,71.3,56.4,6845.83621,6907.95427
charge,120,666.39,56.4,69.0,6907.95427,6907.95427
trip,0,106.61,69.0,55.4,6907.95427,6971.70867
charge,120,235.95,55.4,60.6,6971.70867,6971.70867
trip,0,59.42,60.6,54.1,6971.70867,7006.69946
trip,0,83.63,54.1,52.9,7006.69946,7016.67966
trip,0,16.13,52.9,51.1,7016.67966,7027.3476
trip,0,10.52,51.1,49.3,7027.3476,7034.65477
trip,0,31.86,49.3,46.3,7034.65477,7054.9254
trip,0,17.07,46.3,44.9,7054.9254,7066.11032
trip,0,49.7,44.9,43.9,7066.11032,7074.50108
trip,0,12.67,43.9,44.8,7074.50108,7079.29486
trip,0,13.56,44.8,44.5,7079.29486,7085.8227
charge,120,676.3,44.5,65.5,7085.8227,7085.8227
trip,0,62.22,65.5,58.0,7085.8227,7119.39363
charge,0,135.05,58.0,59.5,7119.39363,7119.39363
trip,0,20.28,59.5,57.9,7119.39363,7131.73012
trip,0,74.86,57.9,47.3,7131.73012,7186.92391
trip,0,27.32,47.3,44.9,7186.92391,7205.41874
trip,0,23.05,44.9,45.6,7205.41874,7210.9703
trip,0,15.1,45.6,43.6,7210.9703,7220.21234
charge,DC Charging,41.93,43.6,69.4,7220.21234,7220.21234
trip,0,58.87,69.4,65.7,7220.21234,7235.38979
charge,120,258.67,65.7,68.7,7235.38979,7235.38979
trip,0,47.99,68.7,65.5,7235.38979,7256.73865
charge,120,388.92,65.5,75.0,7256.73865,7256.73865
trip,0,41.58,75.0,69.6,7256.73865,7284.31645
charge,120,77.27,69.6,75.4,7284.31645,7284.31645
trip,0,59.47,75.4,71.0,7284.31645,7307.73317
trip,0,15.54,71.0,70.3,7307.73317,7317.18877
trip,0,99.78,70.3,56.0,7317.18877,7380.40747
trip,0,83.29,56.0,43.4,7380.40747,7440.8236
trip,0,71.3,43.4,40.2,7440.8236,7452.97264
trip,0,17.63,40.2,37.8,7452.97264,7463.59301
charge,240,54.06,37.8,45.0,7463.59301,7463.59301
trip,0,43.46,45.0,38.6,7463.59301,7493.2989
charge,120,1217.21,38.6,59.0,7493.2989,7493.2989
trip,0,39.67,59.0,55.6,7493.2989,7518.80715
trip,0,189.76,55.6,47.3,7518.80715,7552.46668
trip,0,63.58,47.3,37.6,7552.46668,7599.29457
trip,0,211.95,37.6,10.6,7599.29457,7734.44877
charge,DC Charging,67.12,10.6,40.3,7734.44877,7734.44877
trip,0,37.31,40.3,39.1,7734.44877,7747.49665
charge,240,208.97,39.1,81.2,7747.49665,7747.49665
trip,0,17.05,81.2,79.9,7747.49665,7759.68307
trip,0,14.18,79.9,78.7,7759.68307,7769.53883
trip,0,147.41,78.7,56.2,7769.53883,7885.2578
trip,0,104.18,56.2,41.3,7885.2578,7955.46153
charge,240,100.47,41.3,49.7,7955.46153,7955.46153
trip,0,30.17,49.7,47.6,7955.46153,7974.34881
trip,0,17.46,47.6,45.7,7974.34881,7986.94651
trip,0,17.37,45.7,44.0,7986.94651,7996.94612
trip,0,48.22,44.0,38.2,7996.94612,8030.3607
trip,0,55.31,38.2,31.9,8030.3607,8065.70566
trip,0,18.53,31.9,30.3,8065.70566,8078.35944
trip,0,15.27,30.3,28.9,8078.35944,8088.91048
charge,120,26.19,28.9,41.0,8088.91048,8088.91048
trip,0,27.28,41.0,37.8,8088.91048,8110.00164
trip,0,28.07,37.8,35.2,8110.00164,8130.33132
trip,0,15.19,35.2,33.2,8130.33132,8141.30848
charge,DC Charging,37.94,33.2,66.1,8141.30848,8141.30848
trip,0,52.9,66.1,61.0,8141.30848,8163.80025
charge,120,494.12,61.0,76.4,8163.80025,8163.80025
trip,0,40.48,76.4,73.0,8163.80025,8185.90182
trip,0,35.13,73.0,70.3,8185.90182,8204.93857
trip,0,65.59,70.3,61.1,8204.93857,8253.17592
trip,0,73.58,61.1,50.9,8253.17592,8306.47982
trip,0,37.14,50.9,46.7,8306.47982,8331.76041
charge,0,44.1,46.7,51.0,8331.76041,8331.76041
trip,0,12.3,51.0,49.7,8331.76041,8340.17313
trip,0,11.71,49.7,48.9,8340.17313,8346.92111
charge,240,42.71,48.9,61.2,8346.92111,8346.92111
trip,0,19.6,61.2,58.1,8346.92111,8361.68968
trip,0,49.72,58.1,51.3,8361.68968,8397.35506
charge,DC Charging,44.78,51.3,80.3,8397.35506,8397.35506
trip,0,153.84,80.3,60.8,8397.35506,8509.29286
trip,0,48.62,60.8,56.0,8509.29286,8536.298
trip,0,17.56,56.0,54.7,8536.298,8548.00476
trip,0,109.47,54.7,38.3,8548.00476,8622.42336
trip,0,51.07,38.3,30.3,8622.42336,8656.91974
charge,DC Charging,46.3,30.3,51.6,8656.91974,8656.91974
trip,0,108.59,51.6,35.4,8656.91974,8738.93307
charge,DC Charging,46.33,35.4,61.7,8738.93307,8738.93307
trip,0,86.78,61.7,44.7,8738.93307,8817.11268
trip,0,38.06,44.7,40.4,8817.11268,8844.78361
trip,0,12.05,40.4,39.7,8844.78361,8852.86664
trip,0,10.03,39.7,39.1,8852.86664,8859.84339
trip,0,12.85,39.1,37.8,8859.84339,8869.98413
trip,0,95.33,37.8,27.1,8869.98413,8925.74045
trip,0,243.76,27.1,20.2,8925.74045,8964.76668
charge,120,858.71,20.2,37.3,8964.76668,8964.76668
trip,0,61.99,37.3,29.1,8964.76668,9000.43016
trip,0,92.42,29.1,15.3,9000.43016,9066.03756
trip,0,31.39,15.3,11.8,9066.03756,9086.76325
trip,0,102.72,11.8,6.1,9086.76325,9105.13438
charge,240,121.24,6.1,13.0,9105.13438,9105.13438
trip,0,34.2,13.0,7.4,9105.13438,9130.13586
charge,240,36.39,7.4,24.8,9130.13586,9130.13586
trip,0,38.8,24.8,17.4,9130.13586,9163.79118
charge,DC Charging,37.37,17.4,51.1,9163.79118,9163.79118
trip,0,126.75,51.1,30.4,9163.79118,9256.23577
trip,0,13.07,30.4,29.8,9256.23577,9263.48088
trip,0,18.53,29.8,27.6,9263.48088,9277.72285
charge,DC Charging,123.08,27.6,80.1,9277.72285,9277.72285
trip,0,137.3,80.1,56.1,9277.72285,9399.26934
trip,0,13.48,56.1,53.9,9399.26934,9410.01512
trip,0,9.9,53.9,53.4,9410.01512,9418.18244
trip,0,21.4,53.4,49.4,9418.18244,9434.8902
charge,DC Charging,30.88,49.4,81.0,9434.8902,9434.8902
trip,0,89.32,81.0,68.2,9434.8902,9502.88178
trip,0,111.72,68.2,51.5,9502.88178,9586.93135
charge,DC Charging,48.65,51.5,71.0,9586.93135,9586.93135
trip,0,188.42,71.0,44.3,9586.93135,9711.71121
charge,120,454.13,44.3,52.5,9711.71121,9711.71121
trip,0,169.82,52.5,27.6,9711.71121,9842.86336
charge,DC Charging,50.74,27.6,55.2,9842.86336,9842.86336
trip,0,33.36,55.2,53.0,9842.86336,9864.62424
trip,0,36.05,53.0,49.6,9864.62424,9887.29906
trip,0,43.78,49.6,44.8,9887.29906,9918.42214
charge,240,48.23,44.8,54.6,9918.42214,9918.42214
trip,0,17.09,54.6,55.3,9918.42214,9925.32113
trip,0,50.5,55.3,48.8,9925.32113,9961.15948
trip,0,11.53,48.8,47.7,9961.15948,9969.62503
charge,120,100.15,47.7,53.6,9969.62503,9969.62503
trip,0,16.11,53.6,52.3,9969.62503,9979.56546
trip,0,51.7,52.3,45.4,9979.56546,10016.4114
trip,0,40.25,45.4,40.2,10016.4114,10041.1088
charge,DC Charging,35.37,40.2,73.7,10041.1088,10041.1088
trip,0,30.87,73.7,67.9,10041.1088,10067.24011
trip,0,26.8,67.9,65.4,10067.24011,10084.81701
trip,0,119.03,65.4,49.6,10084.81701,10152.05982
trip,0,37.37,49.6,44.7,10152.05982,10177.06405
trip,0,22.32,44.7,42.5,10177.06405,10192.73165
charge,240,42.63,42.5,65.4,10192.73165,10192.73165
trip,0,44.49,65.4,60.0,10192.73165,10220.74653
trip,0,183.91,60.0,35.7,10220.74653,10352.45561
charge,240,23.09,35.7,58.5,10352.45561,10352.45561
trip,0,122.16,58.5,37.3,10352.45561,10458.90941
charge,240,24.02,37.3,53.8,10458.90941,10458.90941
trip,0,13.2,53.8,51.9,10458.90941,10468.19115
trip,0,27.85,51.9,49.9,10468.19115,10484.89262
trip,0,31.4,49.9,47.5,10484.89262,10503.55635
trip,0,20.66,47.5,45.8,10503.55635,10517.82762
trip,0,18.25,45.8,44.7,10517.82762,10530.29254
trip,0,17.23,44.7,43.6,10530.29254,10542.68803
trip,0,124.63,43.6,24.5,10542.68803,10632.28293
charge,120,229.38,24.5,31.6,10632.28293,10632.28293
trip,0,28.44,31.6,29.0,10632.28293,10646.00862
charge,120,244.03,29.0,44.5,10646.00862,10646.00862
trip,0,18.28,44.5,42.6,10646.00862,10656.67261
charge,240,40.45,42.6,58.1,10656.67261,10656.67261
trip,0,30.98,58.1,53.7,10656.67261,10681.03682
trip,0,24.31,53.7,52.0,10681.03682,10698.06861
trip,0,30.52,52.0,49.0,10698.06861,10719.95768
charge,DC Charging,73.21,49.0,74.0,10719.95768,10719.95768
trip,0,29.93,74.0,71.2,10719.95768,10737.53793
trip,0,69.47,71.2,61.3,10737.53793,10777.30854
charge,240,36.4,61.3,76.0,10777.30854,10777.30854
trip,0,25.42,76.0,72.5,10777.30854,10796.05021
trip,0,180.95,72.5,48.0,10796.05021,10915.41698
trip,0,90.72,48.0,44.8,10915.41698,10927.70963
charge,DC Charging,40.82,44.8,77.0,10927.70963,10927.70963
trip,0,136.49,77.0,62.9,10927.70963,10993.69146
trip,0,87.36,62.9,50.0,10993.69146,11056.99315
trip,0,47.35,50.0,44.3,11056.99315,11090.69976
trip,0,15.41,44.3,42.8,11090.69976,11100.22857
charge,120,54.83,42.8,49.5,11100.22857,11100.22857
trip,0,64.81,49.5,40.2,11100.22857,11154.13287
trip,0,13.49,40.2,38.4,11154.13287,11162.05254
charge,240,37.68,38.4,52.5,11162.05254,11162.05254
trip,0,22.84,52.5,53.3,11162.05254,11168.60243
charge,120,63.68,53.3,60.2,11168.60243,11168.60243
trip,0,78.26,60.2,50.5,11168.60243,11220.88074
trip,0,30.83,50.5,48.0,11220.88074,11236.98122
trip,0,53.19,48.0,40.6,11236.98122,11275.06053
trip,0,13.5,40.6,38.9,11275.06053,11284.89176
trip,0,35.53,38.9,33.9,11284.89176,11307.77891
charge,DC Charging,81.28,33.9,99.9,11307.77891,11307.77891
trip,0,16.3,99.9,97.9,11307.77891,11319.81465
trip,0,81.0,97.9,85.9,11319.81465,11379.42954
trip,0,35.99,85.9,84.6,11379.42954,11396.39417
trip,0,109.65,84.6,71.8,11396.39417,11460.45276
trip,0,91.4,71.8,60.6,11460.45276,11506.86425
trip,0,62.35,60.6,52.2,11506.86425,11550.79719
trip,0,74.05,52.2,41.8,11550.79719,11601.67733
trip,0,23.82,41.8,39.9,11601.67733,11616.41419
trip,0,74.74,39.9,33.3,11616.41419,11640.23352
trip,0,38.37,33.3,29.3,11640.23352,11666.5004
trip,0,27.42,29.3,27.7,11666.5004,11682.97178
trip,0,12.67,27.7,27.1,11682.97178,11691.40423
trip,0,265.08,27.1,7.0,11691.40423,11777.90681
charge,120,887.64,7.0,26.5,11777.90681,11777.90681
trip,0,170.74,26.5,9.9,11777.90681,11847.89677
charge,DC Charging,103.37,9.9,27.1,11847.89677,11847.89677
trip,0,53.87,27.1,19.5,11847.89677,11888.7481
trip,0,19.25,19.5,17.0,11888.7481,11901.4375
trip,0,103.63,17.0,13.0,11901.4375,11919.52606
charge,DC Charging,102.53,13.0,73.4,11919.52606,11919.52606
trip,0,72.87,73.4,60.7,11919.52606,11982.87877
trip,0,17.77,60.7,59.2,11982.87877,11995.96407
trip,0,10.82,59.2,57.8,11995.96407,12004.13868
charge,DC Charging,30.31,57.8,78.5,12004.13868,12004.13868
trip,0,42.58,78.5,71.0,12004.13868,12037.61554
trip,0,105.75,71.0,59.9,12037.61554,12107.4986
charge,120,193.34,59.9,66.9,12107.4986,12107.4986
trip,0,19.21,66.9,65.2,12107.4986,12118.71245
trip,0,13.98,65.2,63.7,12118.71245,12128.33677
charge,DC Charging,37.86,63.7,83.7,12128.33677,12128.33677
trip,0,109.69,83.7,62.7,12128.33677,12229.24634
trip,0,16.73,62.7,60.9,12229.24634,12240.47212
charge,120,150.15,60.9,67.2,12240.47212,12240.47212
trip,0,60.81,67.2,62.2,12240.47212,12267.13526
charge,240,42.73,62.2,76.6,12267.13526,12267.13526
trip,0,132.32,76.6,54.7,12267.13526,12376.36596
charge,DC Charging,34.22,54.7,84.8,12376.36596,12376.36596
trip,0,296.11,84.8,71.8,12376.36596,12429.64907
trip,0,69.23,71.8,60.7,12429.64907,12480.88907
trip,0,13.67,60.7,59.0,12480.88907,12489.15141
charge,240,41.78,59.0,68.9,12489.15141,12489.15141
trip,0,42.19,68.9,65.1,12489.15141,12506.06682
trip,0,74.76,65.1,54.6,12506.06682,12561.17512
charge,120,1190.25,54.6,74.2,12561.17512,12561.17512
trip,0,190.6,74.2,50.8,12561.17512,12668.21173
trip,0,164.71,50.8,32.9,12668.21173,12780.08162
trip,0,12.88,32.9,32.4,12780.08162,12790.34488
trip,0,44.09,32.4,26.5,12790.34488,12822.04666
charge,120,19.97,26.5,36.2,12822.04666,12822.04666
trip,0,48.98,36.2,28.4,12822.04666,12860.28714
trip,0,27.04,28.4,29.4,12860.28714,12866.25892
trip,0,25.1,29.4,28.0,12866.25892,12881.60113
charge,240,140.81,28.0,36.2,12881.60113,12881.60113
trip,0,69.2,36.2,26.7,12881.60113,12919.91466
charge,240,51.02,26.7,38.0,12919.91466,12919.91466
trip,0,12.31,38.0,36.7,12919.91466,12928.51323
trip,0,29.21,36.7,33.4,12928.51323,12949.04935
trip,0,30.47,33.4,32.1,12949.04935,12966.54456
charge,240,227.26,32.1,49.5,12966.54456,12966.54456
trip,0,33.12,49.5,48.7,12966.54456,12977.96957
charge,120,157.47,48.7,53.8,12977.96957,12977.96957
trip,0,34.95,53.8,49.8,12977.96957,13002.86377
trip,0,25.87,49.8,49.0,13002.86377,13015.98999
charge,120,70.41,49.0,54.7,13015.98999,13015.98999
trip,0,39.96,54.7,49.9,13015.98999,13044.92228
trip,0,30.08,49.9,46.7,13044.92228,13065.28415
charge,DC Charging,71.03,46.7,80.4,13065.28415,13065.28415
trip,0,73.76,80.4,72.2,13065.28415,13107.05592
trip,0,174.06,72.2,46.8,13107.05592,13231.55214
charge,120,134.17,46.8,50.1,13231.55214,13231.55214
trip,0,51.54,50.1,46.4,13231.55214,13245.27506
charge,120,96.71,46.4,49.6,13245.27506,13245.27506
trip,0,155.57,49.6,27.9,13245.27506,13338.44832
charge,DC Charging,47.28,27.9,51.9,13338.44832,13338.44832
trip,0,22.44,51.9,50.9,13338.44832,13349.76701
charge,DC Charging,41.43,50.9,84.4,13349.76701,13349.76701
trip,0,144.67,84.4,59.9,13349.76701,13468.3334
trip,0,187.9,59.9,39.3,13468.3334,13592.46992
trip,0,51.59,39.3,35.3,13592.46992,13623.50423
charge,DC Charging,25.92,35.3,62.5,13623.50423,13623.50423
trip,0,18.27,62.5,60.0,13623.50423,13637.04893
trip,0,15.29,60.0,59.0,13637.04893,13646.20007
trip,0,72.52,59.0,48.2,13646.20007,13702.7192
trip,0,17.5,48.2,46.7,13702.7192,13715.54414
trip,0,24.43,46.7,44.2,13715.54414,13732.21864
charge,DC Charging,73.07,44.2,75.5,13732.21864,13732.21864
trip,0,31.72,75.5,72.5,13732.21864,13752.6482
trip,0,50.12,72.5,66.7,13752.6482,13789.1429
trip,0,35.87,66.7,63.3,13789.1429,13814.06103
charge,120,119.3,63.3,68.4,13814.06103,13814.06103
trip,0,28.33,68.4,65.8,13814.06103,13833.34939
trip,0,29.55,65.8,63.7,13833.34939,13853.12531
trip,0,49.89,63.7,58.0,13853.12531,13888.60872
trip,0,48.73,58.0,54.3,13888.60872,13918.89373
charge,DC Charging,42.71,54.3,80.5,13918.89373,13918.89373
trip,0,234.53,80.5,56.7,13918.89373,14022.93972
trip,0,85.53,56.7,41.8,14022.93972,14088.05313
trip,0,78.32,41.8,28.9,14088.05313,14144.1954
charge,240,51.63,28.9,44.4,14144.1954,14144.1954
trip,0,78.84,44.4,32.6,14144.1954,14205.67231
trip,0,13.77,32.6,31.6,14205.67231,14215.37694
trip,0,12.78,31.6,31.1,14215.37694,14222.17198
trip,0,27.27,31.1,29.4,14222.17198,14233.41281
charge,120,307.21,29.4,36.5,14233.41281,14233.41281
trip,0,51.28,36.5,29.1,14233.41281,14270.97141
trip,0,54.56,29.1,22.1,14270.97141,14311.73954
trip,0,113.66,22.1,5.2,14311.73954,14400.90923
charge,DC Charging,41.47,5.2,38.3,14400.90923,14400.90923
trip,0,90.03,38.3,19.6,14400.90923,14491.00222
charge,240,24.96,19.6,38.7,14491.00222,14491.00222
trip,0,30.83,38.7,35.4,14491.00222,14512.11892
trip,0,198.89,35.4,22.8,14512.11892,14579.09812
charge,DC Charging,107.7,22.8,81.5,14579.09812,14579.09812
trip,0,13.33,81.5,80.2,14579.09812,14587.28679
trip,0,48.32,80.2,75.1,14587.28679,14617.38484
charge,120,212.28,75.1,81.9,14617.38484,14617.38484
trip,0,18.95,81.9,79.2,14617.38484,14629.83319
charge,240,46.33,79.2,89.2,14629.83319,14629.83319
trip,0,29.09,89.2,86.1,14629.83319,14651.14279
trip,0,29.78,86.1,84.1,14651.14279,14670.8759
trip,0,137.14,84.1,67.6,14670.8759,14738.36763
trip,0,106.77,67.6,56.7,14738.36763,14771.06567
charge,120,315.96,56.7,64.5,14771.06567,14771.06567
trip,0,46.85,64.5,59.7,14771.06567,14803.63536
trip,0,25.68,59.7,58.0,14803.63536,14819.91604
trip,0,184.51,58.0,32.8,14819.91604,14942.819
trip,0,54.42,32.8,24.3,14942.819,14979.28418
trip,0,88.07,24.3,15.2,14979.28418,15035.21909
trip,0,35.15,15.2,11.9,15035.21909,15054.23163
trip,0,17.99,11.9,9.5,15054.23163,15065.77865
charge,DC Charging,68.15,9.5,55.2,15065.77865,15065.77865
trip,0,31.06,55.2,50.3,15065.77865,15091.91167
charge,240,62.63,50.3,57.0,15091.91167,15091.91167
trip,0,26.29,57.0,55.7,15091.91167,15110.5915
trip,0,31.31,55.7,53.0,15110.5915,15129.01674
trip,0,61.11,53.0,45.1,15129.01674,15172.31102
trip,0,12.7,45.1,44.2,15172.31102,15181.20744
trip,0,17.21,44.2,43.0,15181.20744,15192.89012
trip,0,19.8,43.0,41.8,15192.89012,15204.51714
charge,120,253.61,41.8,50.4,15204.51714,15204.51714
trip,0,48.26,50.4,44.8,15204.51714,15232.31858
charge,120,307.12,44.8,71.3,15232.31858,15232.31858
trip,0,14.62,71.3,70.2,15232.31858,15241.46495
trip,0,231.88,70.2,66.8,15241.46495,15262.89501
trip,0,11.57,66.8,66.2,15262.89501,15271.39216
trip,0,23.58,66.2,62.9,15271.39216,15288.48837
trip,0,197.21,62.9,41.8,15288.48837,15416.71066
charge,120,188.71,41.8,47.6,15416.71066,15416.71066
trip,0,22.93,47.6,46.9,15416.71066,15425.49972
trip,0,127.75,46.9,32.9,15425.49972,15509.8487
charge,0,109.96,32.9,35.1,15509.8487,15509.8487
trip,0,17.48,35.1,33.5,15509.8487,15521.37608
trip,0,13.68,33.5,31.5,15521.37608,15531.20729
charge,DC Charging,34.16,31.5,59.2,15531.20729,15531.20729
trip,0,91.41,59.2,42.3,15531.20729,15600.57923
trip,0,26.31,42.3,38.7,15600.57923,15614.63815
charge,120,59.82,38.7,44.7,15614.63815,15614.63815
trip,0,41.58,44.7,38.5,15614.63815,15646.04201
trip,0,26.68,38.5,37.2,15646.04201,15663.51796
trip,0,26.64,37.2,36.5,15663.51796,15671.89653
trip,0,30.21,36.5,34.5,15671.89653,15689.55465
trip,0,45.77,34.5,31.8,15689.55465,15715.28084
charge,DC Charging,41.1,31.8,64.6,15715.28084,15715.28084
trip,0,11.45,64.6,62.9,15715.28084,15723.05068
charge,240,63.41,62.9,69.7,15723.05068,15723.05068
trip,0,200.41,69.7,38.0,15723.05068,15876.42627
trip,0,18.9,38.0,34.0,15876.42627,15888.5862
charge,DC Charging,37.42,34.0,64.0,15888.5862,15888.5862
trip,0,24.33,64.0,59.9,15888.5862,15906.46105
trip,0,171.62,59.9,34.4,15906.46105,16035.29338
charge,120,493.19,34.4,48.3,16035.29338,16035.29338
trip,0,94.01,48.3,37.5,16035.29338,16091.90265
charge,120,310.47,37.5,44.8,16091.90265,16091.90265
trip,0,79.44,44.8,39.5,16091.90265,16116.29946
charge,120,928.0,39.5,53.6,16116.29946,16116.29946
trip,0,42.68,53.6,52.1,16116.29946,16131.75736
trip,0,47.64,52.1,46.1,16131.75736,16166.53625
trip,0,76.06,46.1,34.9,16166.53625,16220.12751
charge,DC Charging,42.16,34.9,67.7,16220.12751,16220.12751
trip,0,56.7,67.7,56.3,16220.12751,16270.43544
trip,0,13.9,56.3,54.2,16270.43544,16279.67694
charge,240,58.32,54.2,66.9,16279.67694,16279.67694
trip,0,135.27,66.9,49.9,16279.67694,16368.32862
trip,0,58.95,49.9,43.5,16368.32862,16409.81394
trip,0,103.35,43.5,26.7,16409.81394,16494.12415
trip,0,116.21,26.7,8.8,16494.12415,16584.50101
trip,0,20.5,8.8,7.2,16584.50101,16598.656
trip,0,27.32,7.2,4.4,16598.656,16616.14934
charge,240,45.6,4.4,16.4,16616.14934,16616.14934
trip,0,64.39,16.4,12.7,16616.14934,16635.98517
charge,DC Charging,171.07,12.7,66.8,16635.98517,16635.98517
trip,0,18.94,66.8,64.1,16635.98517,16650.53128
charge,DC Charging,32.56,64.1,99.8,16650.53128,16650.53128
trip,0,17.29,99.8,97.4,16650.53128,16664.22134
trip,0,160.26,97.4,73.4,16664.22134,16788.05599
trip,0,132.15,73.4,52.9,16788.05599,16888.35308
trip,0,96.23,52.9,38.1,16888.35308,16952.90897
charge,DC Charging,39.98,38.1,57.4,16952.90897,16952.90897
trip,0,34.17,57.4,51.8,16952.90897,16979.49706
trip,0,91.19,51.8,39.0,16979.49706,17048.64563
trip,0,56.2,39.0,34.1,17048.64563,17084.77253
trip,0,101.81,34.1,24.2,17084.77253,17134.89098
charge,120,374.88,24.2,31.1,17134.89098,17134.89098
trip,0,98.23,31.1,16.3,17134.89098,17205.47082
charge,DC Charging,38.33,16.3,37.4,17205.47082,17205.47082
trip,0,27.75,37.4,33.0,17205.47082,17226.7127
trip,0,10.54,33.0,31.8,17226.7127,17235.12267
trip,0,30.07,31.8,27.9,17235.12267,17254.63958
trip,0,63.59,27.9,18.3,17254.63958,17300.85158
charge,240,39.3,18.3,30.5,17300.85158,17300.85158
trip,0,18.54,30.5,28.1,17300.85158,17313.51254
charge,DC Charging,34.38,28.1,64.2,17313.51254,17313.51254
trip,0,191.86,64.2,43.4,17313.51254,17431.40847
trip,0,118.16,43.4,29.7,17431.40847,17496.28016
charge,120,98.14,29.7,34.3,17496.28016,17496.28016
trip,0,31.15,34.3,31.9,17496.28016,17517.88291
trip,0,397.76,31.9,23.8,17517.88291,17562.91168
trip,0,54.63,23.8,15.5,17562.91168,17603.74902
charge,240,32.86,15.5,34.8,17603.74902,17603.74902
trip,0,41.59,34.8,28.1,17603.74902,17634.80157
charge,DC Charging,261.74,28.1,90.4,17634.80157,17634.80157
trip,0,21.65,90.4,88.9,17634.80157,17650.0261
trip,0,16.55,88.9,87.9,17650.0261,17661.05008
trip,0,134.97,87.9,66.7,17661.05008,17764.01422
trip,0,18.63,66.7,64.6,17764.01422,17777.46731
charge,240,74.04,64.6,71.0,17777.46731,17777.46731
trip,0,165.11,71.0,61.5,17777.46731,17807.74194
charge,120,119.63,61.5,64.0,17807.74194,17807.74194
trip,0,300.79,64.0,32.0,17807.74194,17976.0055
charge,120,811.27,32.0,52.4,17976.0055,17976.0055
trip,0,24.24,52.4,50.3,17976.0055,17992.03467
trip,0,74.72,50.3,39.7,17992.03467,18049.81089
trip,0,41.68,39.7,33.4,18049.81089,18082.3056
charge,DC Charging,72.97,33.4,91.7,18082.3056,18082.3056
trip,0,185.56,91.7,63.3,18082.3056,18219.47954
trip,0,211.43,63.3,38.0,18219.47954,18338.90431
charge,120,165.89,38.0,40.9,18338.90431,18338.90431
trip,0,113.75,40.9,39.3,18338.90431,18351.06314
charge,120,154.03,39.3,44.4,18351.06314,18351.06314
trip,0,11.97,44.4,43.5,18351.06314,18359.32419
trip,0,29.42,43.5,41.1,18359.32419,18379.72063
trip,0,22.81,41.1,39.5,18379.72063,18392.77433
charge,120,714.95,39.5,50.4,18392.77433,18392.77433
trip,0,171.47,50.4,27.9,18392.77433,18505.83375
trip,0,29.89,27.9,24.7,18505.83375,18522.98914
trip,0,21.47,24.7,23.5,18522.98914,18536.52894
trip,0,34.88,23.5,20.4,18536.52894,18560.73531
trip,0,10.88,20.4,19.5,18560.73531,18568.33535
trip,0,12.36,19.5,17.8,18568.33535,18576.8092
charge,120,874.12,17.8,50.7,18576.8092,18576.8092
trip,0,144.56,50.7,28.6,18576.8092,18684.72661
trip,0,133.29,28.6,13.9,18684.72661,18768.67501
trip,0,60.99,13.9,7.5,18768.67501,18803.96946
charge,DC Charging,44.18,7.5,28.1,18803.96946,18803.96946
trip,0,42.78,28.1,23.7,18803.96946,18824.70789
trip,0,14.2,23.7,21.7,18824.70789,18835.11499
trip,0,79.3,21.7,9.3,18835.11499,18902.00503
charge,DC Charging,32.77,9.3,43.0,18902.00503,18902.00503
trip,0,42.63,43.0,36.6,18902.00503,18932.46425
charge,120,625.52,36.6,50.3,18932.46425,18932.46425
trip,0,229.62,50.3,24.2,18932.46425,19089.59952
charge,240,61.91,24.2,32.1,19089.59952,19089.59952
trip,0,11.29,32.1,31.2,19089.59952,19097.29963
trip,0,13.57,31.2,29.7,19097.29963,19106.95538
trip,0,20.3,29.7,26.9,19106.95538,19119.83596
charge,240,41.86,26.9,38.1,19119.83596,19119.83596
trip,0,21.45,38.1,35.1,19119.83596,19134.85763
trip,0,23.42,35.1,34.0,19134.85763,19148.82321
charge,240,75.93,34.0,53.1,19148.82321,19148.82321
trip,0,45.93,53.1,46.3,19148.82321,19183.40959
trip,0,18.93,46.3,43.5,19183.40959,19197.20659
charge,240,42.89,43.5,54.7,19197.20659,19197.20659
trip,0,32.63,54.7,50.8,19197.20659,19221.47203
trip,0,19.76,50.8,49.3,19221.47203,19234.04041
trip,0,35.49,49.3,50.0,19234.04041,19239.57275
trip,0,103.95,50.0,38.4,19239.57275,19298.91016
charge,240,34.03,38.4,59.7,19298.91016,19298.91016
trip,0,27.47,59.7,57.1,19298.91016,19318.67218
trip,0,20.04,57.1,55.7,19318.67218,19331.83858
trip,0,21.7,55.7,53.8,19331.83858,19342.42582
charge,DC Charging,30.06,53.8,83.7,19342.42582,19342.42582
trip,0,10.65,83.7,82.2,19342.42582,19349.49123
trip,0,37.79,82.2,78.4,19349.49123,19370.56908
trip,0,70.31,78.4,68.6,19370.56908,19421.2568
trip,0,21.7,68.6,66.7,19421.2568,19436.33042
trip,0,22.62,66.7,65.9,19436.33042,19451.03276
trip,0,15.48,65.9,64.6,19451.03276,19463.14285
trip,0,64.05,64.6,55.8,19463.14285,19511.07099
trip,0,20.85,55.8,54.5,19511.07099,19525.23161
trip,0,24.26,54.5,52.3,19525.23161,19539.60256
trip,0,153.76,52.3,29.4,19539.60256,19658.9425
trip,0,145.91,29.4,6.2,19658.9425,19773.72309
trip,0,33.05,6.2,5.7,19773.72309,19782.33303
charge,DC Charging,33.18,5.7,40.6,19782.33303,19782.33303
trip,0,43.15,40.6,41.3,19782.33303,19789.44045
charge,120,407.09,41.3,48.1,19789.44045,19789.44045
trip,0,103.2,48.1,45.9,19789.44045,19803.54749
trip,0,12.85,45.9,44.5,19803.54749,19811.57792
trip,0,12.98,44.5,42.1,19811.57792,19820.17613
charge,240,163.82,42.1,72.5,19820.17613,19820.17613
trip,0,92.62,72.5,56.8,19820.17613,19884.59744
charge,120,71.73,56.8,61.3,19884.59744,19884.59744
trip,0,36.69,61.3,59.0,19884.59744,19899.58379
trip,0,69.81,59.0,53.7,19899.58379,19926.60739
trip,0,25.21,53.7,50.7,19926.60739,19944.11138
charge,240,27.94,50.7,73.6,19944.11138,19944.11138
trip,0,66.08,73.6,61.9,19944.11138,19995.26872
trip,0,57.45,61.9,53.9,19995.26872,20037.0588
charge,120,114.08,53.9,57.4,20037.0588,20037.0588
trip,0,98.16,57.4,41.6,20037.0588,20099.72427
trip,0,45.61,41.6,37.5,20099.72427,20125.82445
trip,0,28.41,37.5,36.3,20125.82445,20141.08865
trip,0,108.38,36.3,29.9,20141.08865,20162.01499
charge,120,133.81,29.9,32.0,20162.01499,20162.01499
trip,0,173.54,32.0,5.8,20162.01499,20294.98304
charge,DC Charging,75.14,5.8,68.3,20294.98304,20294.98304
trip,0,46.69,68.3,59.8,20294.98304,20330.59929
trip,0,50.0,59.8,58.7,20330.59929,20340.24736
charge,120,248.65,58.7,67.0,20340.24736,20340.24736
trip,0,74.07,67.0,56.5,20340.24736,20389.48056
charge,120,152.86,56.5,59.9,20389.48056,20389.48056
trip,0,369.57,59.9,28.8,20389.48056,20555.56344
charge,DC Charging,119.31,28.8,55.7,20555.56344,20555.56344
trip,0,47.16,55.7,52.4,20555.56344,20575.29302
trip,0,43.35,52.4,51.5,20575.29302,20584.33455
trip,0,54.32,51.5,44.3,20584.33455,20623.8934
trip,0,14.48,44.3,43.4,20623.8934,20634.35171
trip,0,9.95,43.4,42.3,20634.35171,20641.51921
trip,0,12.03,42.3,40.9,20641.51921,20649.79862
trip,0,40.07,40.9,36.0,20649.79862,20674.93263
trip,0,206.02,36.0,19.9,20674.93263,20737.94263
charge,DC Charging,42.44,19.9,46.8,20737.94263,20737.94263
trip,0,25.9,46.8,45.7,20737.94263,20751.7017
charge,120,892.46,45.7,57.9,20751.7017,20751.7017
trip,0,56.83,57.9,53.0,20751.7017,20779.37657
charge,120,146.06,53.0,57.6,20779.37657,20779.37657
trip,0,42.67,57.6,52.4,20779.37657,20807.95282
trip,0,11.64,52.4,51.8,20807.95282,20816.31912
trip,0,64.3,51.8,42.6,20816.31912,20855.77926
trip,0,83.01,42.6,34.3,20855.77926,20902.0826
charge,DC Charging,59.75,34.3,62.7,20902.0826,20902.0826
trip,0,18.2,62.7,60.8,20902.0826,20914.37799
trip,0,26.95,60.8,57.2,20914.37799,20931.74582
charge,240,56.84,57.2,64.6,20931.74582,20931.74582
trip,0,54.76,64.6,61.1,20931.74582,20947.68472
charge,DC Charging,31.49,61.1,87.7,20947.68472,20947.68472
trip,0,30.09,87.7,82.2,20947.68472,20969.93296
trip,0,138.26,82.2,68.8,20969.93296,21030.82033
trip,0,131.39,68.8,51.4,21030.82033,21115.61688
charge,120,725.38,51.4,69.8,21115.61688,21115.61688
trip,0,24.67,69.8,69.0,21115.61688,21129.553
trip,0,63.81,69.0,60.3,21129.553,21169.14949
trip,0,128.74,60.3,40.4,21169.14949,21268.04134
trip,0,48.72,40.4,34.8,21268.04134,21296.74381
charge,DC Charging,74.5,34.8,66.9,21296.74381,21296.74381
trip,0,203.59,66.9,46.2,21296.74381,21413.40619
trip,0,155.54,46.2,27.8,21413.40619,21489.0049
trip,0,35.29,27.8,25.2,21489.0049,21507.12642
charge,240,151.67,25.2,50.0,21507.12642,21507.12642
trip,0,35.52,50.0,45.1,21507.12642,21534.27801
trip,0,11.17,45.1,44.0,21534.27801,21541.54474
charge,120,86.82,44.0,58.4,21541.54474,21541.54474
trip,0,32.25,58.4,55.1,21541.54474,21564.22124
trip,0,61.82,55.1,48.7,21564.22124,21590.96142
charge,240,47.8,48.7,60.5,21590.96142,21590.96142
trip,0,68.33,60.5,59.5,21590.96142,21600.68622
trip,0,24.04,59.5,58.2,21600.68622,21616.53331
charge,120,151.69,58.2,61.0,21616.53331,21616.53331
trip,0,27.53,61.0,57.7,21616.53331,21635.02956
charge,DC Charging,34.87,57.7,89.3,21635.02956,21635.02956
trip,0,93.33,89.3,71.2,21635.02956,21719.41392
charge,240,53.71,71.2,80.7,21719.41392,21719.41392
trip,0,173.92,80.7,55.1,21719.41392,21849.56439
charge,120,384.63,55.1,63.7,21849.56439,21849.56439
trip,0,177.36,63.7,42.4,21849.56439,21967.27374
trip,0,115.05,42.4,25.0,21967.27374,22056.13614
trip,0,19.2,25.0,22.5,22056.13614,22068.65466
charge,120,44.73,22.5,30.3,22068.65466,22068.65466
trip,0,55.03,30.3,21.6,22068.65466,22113.60534
charge,120,22.68,21.6,33.7,22113.60534,22113.60534
trip,0,86.49,33.7,18.2,22113.60534,22190.16481
trip,0,20.76,18.2,15.3,22190.16481,22205.26006
trip,0,96.32,15.3,5.3,22205.26006,22268.49884
charge,DC Charging,58.59,5.3,39.0,22268.49884,22268.49884
trip,0,66.37,39.0,29.2,22268.49884,22317.70331
trip,0,67.39,29.2,18.4,22317.70331,22367.75685
charge,240,51.29,18.4,29.6,22367.75685,22367.75685
trip,0,35.43,29.6,26.2,22367.75685,22388.68317
trip,0,39.21,26.2,22.3,22388.68317,22412.713
charge,120,766.58,22.3,63.1,22412.713,22412.713
trip,0,14.35,63.1,62.0,22412.713,22421.98018
trip,0,36.17,62.0,58.4,22421.98018,22444.7998
trip,0,159.54,58.4,33.9,22444.7998,22568.16448
trip,0,15.39,33.9,32.8,22568.16448,22576.44359
trip,0,25.47,32.8,30.6,22576.44359,22593.4621
charge,120,785.37,30.6,52.7,22593.4621,22593.4621
trip,0,63.15,52.7,50.9,22593.4621,22605.19633
trip,0,89.18,50.9,37.2,22605.19633,22672.50148
trip,0,29.96,37.2,34.9,22672.50148,22692.55793
trip,0,22.34,34.9,33.2,22692.55793,22706.28317
trip,0,20.37,33.2,31.8,22706.28317,22717.38742
charge,120,584.69,31.8,50.0,22717.38742,22717.38742
trip,0,25.23,50.0,48.2,22717.38742,22734.30084
trip,0,34.86,48.2,44.8,22734.30084,22754.25878
trip,0,32.19,44.8,41.6,22754.25878,22767.23476
charge,240,41.59,41.6,51.0,22767.23476,22767.23476
trip,0,58.39,51.0,43.1,22767.23476,22807.85783
trip,0,36.28,43.1,38.9,22807.85783,22832.86697
trip,0,211.39,38.9,15.0,22832.86697,22962.79772
charge,120,647.75,15.0,28.5,22962.79772,22962.79772
trip,0,25.16,28.5,25.1,22962.79772,22977.76765
trip,0,146.86,25.1,3.9,22977.76765,23094.68463
charge,DC Charging,69.25,3.9,64.0,23094.68463,23094.68463
trip,0,16.56,64.0,61.6,23094.68463,23107.58617
trip,0,33.02,61.6,59.0,23107.58617,23128.73448
trip,0,73.19,59.0,49.3,23128.73448,23181.86472
trip,0,49.13,49.3,44.9,23181.86472,23210.53702
charge,120,519.31,44.9,59.4,23210.53702,23210.53702
trip,0,25.03,59.4,58.6,23210.53702,23225.87666
trip,0,12.09,58.6,58.1,23225.87666,23233.67758
trip,0,53.98,58.1,50.9,23233.67758,23274.006
trip,0,97.22,50.9,36.6,23274.006,23347.99476
charge,DC Charging,48.48,36.6,61.0,23347.99476,23347.99476
trip,0,79.99,61.0,49.8,23347.99476,23404.59481
trip,0,128.97,49.8,31.2,23404.59481,23481.66598
trip,0,48.28,31.2,25.3,23481.66598,23510.93734
charge,120,344.93,25.3,34.2,23510.93734,23510.93734
trip,0,156.24,34.2,11.3,23510.93734,23616.84214
charge,DC Charging,139.17,11.3,53.8,23616.84214,23616.84214
trip,0,27.69,53.8,51.9,23616.84214,23634.75148
trip,0,18.77,51.9,49.5,23634.75148,23646.47231
charge,120,91.74,49.5,54.1,23646.47231,23646.47231
trip,0,36.02,54.1,50.0,23646.47231,23671.13238
trip,0,25.43,50.0,47.3,23671.13238,23687.16556
trip,0,43.58,47.3,42.1,23687.16556,23707.22445
charge,120,202.77,42.1,49.1,23707.22445,23707.22445
trip,0,107.55,49.1,31.0,23707.22445,23797.57568
charge,DC Charging,48.63,31.0,58.9,23797.57568,23797.57568
trip,0,152.19,58.9,33.8,23797.57568,23917.66155
charge,0,229.97,33.8,35.1,23917.66155,23917.66155
trip,0,74.05,35.1,27.3,23917.66155,23962.5753
trip,0,78.84,27.3,18.1,23962.5753,24007.64776
charge,240,45.28,18.1,28.7,24007.64776,24007.64776
trip,0,27.99,28.7,24.9,24007.64776,24025.04211
charge,DC Charging,27.47,24.9,49.1,24025.04211,24025.04211
trip,0,17.48,49.1,46.6,24025.04211,24038.55492
charge,DC Charging,34.81,46.6,81.5,24038.55492,24038.55492
trip,0,24.34,81.5,77.4,24038.55492,24055.3954
charge,240,58.24,77.4,89.5,24055.3954,24055.3954
trip,0,106.74,89.5,76.0,24055.3954,24122.5327
trip,0,26.26,76.0,74.9,24122.5327,24139.7242
trip,0,34.16,74.9,71.6,24139.7242,24164.10274
charge,120,80.73,71.6,76.7,24164.10274,24164.10274
trip,0,52.0,76.7,68.9,24164.10274,24202.1407
trip,0,29.02,68.9,66.7,24202.1407,24216.08844
trip,0,86.39,66.7,54.2,24216.08844,24282.6983
trip,0,92.32,54.2,39.5,24282.6983,24356.69102
charge,120,88.95,39.5,45.9,24356.69102,24356.69102
trip,0,15.42,45.9,44.6,24356.69102,24366.96198
trip,0,28.0,44.6,42.5,24366.96198,24385.42455
trip,0,17.35,42.5,40.6,24385.42455,24396.77976
charge,120,799.95,40.6,61.6,24396.77976,24396.77976
trip,0,265.65,61.6,37.6,24396.77976,24512.50543
charge,120,264.03,37.6,43.8,24512.50543,24512.50543
trip,0,19.38,43.8,42.3,24512.50543,24525.7726
trip,0,82.16,42.3,30.1,24525.7726,24581.86965
trip,0,11.4,30.1,28.9,24581.86965,24589.52582
charge,240,28.87,28.9,48.2,24589.52582,24589.52582
trip,0,75.2,48.2,45.8,24589.52582,24604.79248
charge,240,63.27,45.8,55.6,24604.79248,24604.79248
trip,0,34.65,55.6,50.8,24604.79248,24628.36567
charge,DC Charging,86.91,50.8,92.2,24628.36567,24628.36567
trip,0,45.04,92.2,85.1,24628.36567,24658.21002
trip,0,73.99,85.1,77.9,24658.21002,24705.74262
trip,0,38.88,77.9,73.8,24705.74262,24729.81307
trip,0,45.16,73.8,68.3,24729.81307,24759.17323
charge,240,59.84,68.3,76.9,24759.17323,24759.17323
trip,0,132.29,76.9,55.3,24759.17323,24855.95485
trip,0,85.01,55.3,42.3,24855.95485,24919.03829
trip,0,56.96,42.3,36.1,24919.03829,24954.85109
trip,0,43.75,36.1,29.8,24954.85109,24986.03751
trip,0,12.4,29.8,28.8,24986.03751,24994.84461
trip,0,25.4,28.8,26.1,24994.84461,25009.21308
trip,0,95.13,26.1,16.1,25009.21308,25068.41087
trip,0,27.23,16.1,14.6,25068.41087,25085.25281
charge,DC Charging,68.12,14.6,65.4,25085.25281,25085.25281
trip,0,12.39,65.4,64.3,25085.25281,25095.84748
trip,0,14.65,64.3,63.1,25095.84748,25109.9221
trip,0,94.65,63.1,51.9,25109.9221,25171.62869
trip,0,62.15,51.9,43.8,25171.62869,25213.53461
trip,0,163.06,43.8,21.6,25213.53461,25334.22956
charge,DC Charging,48.85,21.6,42.4,25334.22956,25334.22956
trip,0,45.92,42.4,34.1,25334.22956,25372.33455
trip,0,23.93,34.1,31.6,25372.33455,25384.18686
charge,240,52.49,31.6,40.5,25384.18686,25384.18686
trip,0,75.48,40.5,33.7,25384.18686,25405.2688
charge,240,49.18,33.7,43.3,25405.2688,25405.2688
trip,0,17.59,43.3,40.8,25405.2688,25416.89067
trip,0,76.91,40.8,34.6,25416.89067,25448.87275
charge,DC Charging,65.63,34.6,99.2,25448.87275,25448.87275
trip,0,55.42,99.2,88.4,25448.87275,25497.66351
trip,0,33.65,88.4,85.9,25497.66351,25518.83133
charge,120,58.57,85.9,93.0,25518.83133,25518.83133
trip,0,84.03,93.0,82.7,25518.83133,25561.3316
trip,0,69.86,82.7,73.2,25561.3316,25612.03574
trip,0,129.21,73.2,53.3,25612.03574,25707.53193
trip,0,13.55,53.3,52.0,25707.53193,25716.96036
trip,0,39.79,52.0,47.3,25716.96036,25745.31697
charge,120,97.3,47.3,52.1,25745.31697,25745.31697
trip,0,15.26,52.1,50.2,25745.31697,25754.96267
trip,0,24.58,50.2,49.1,25754.96267,25771.16592
trip,0,19.05,49.1,47.1,25771.16592,25783.17105
trip,0,107.15,47.1,31.7,25783.17105,25849.93259
charge,120,113.08,31.7,35.7,25849.93259,25849.93259
trip,0,12.14,35.7,34.9,25849.93259,25857.1424
trip,0,29.38,34.9,33.0,25857.1424,25872.68089
trip,0,475.35,33.0,27.7,25872.68089,25913.00296
trip,0,34.16,27.7,23.9,25913.00296,25933.24097
trip,0,53.44,23.9,17.3,25933.24097,25967.1065
charge,120,322.57,17.3,26.8,25967.1065,25967.1065
trip,0,290.38,26.8,18.4,25967.1065,26000.71915
trip,0,24.11,18.4,17.7,26000.71915,26009.45804
charge,DC Charging,87.88,17.7,76.3,26009.45804,26009.45804
trip,0,273.0,76.3,49.9,26009.45804,26166.14863
charge,DC Charging,72.19,49.9,82.2,26166.14863,26166.14863
trip,0,14.55,82.2,80.3,26166.14863,26177.38384
trip,0,18.93,80.3,78.7,26177.38384,26189.36969
trip,0,31.42,78.7,76.7,26189.36969,26207.92467
charge,0,496.42,76.7,80.5,26207.92467,26207.92467
trip,0,104.55,80.5,74.7,26207.92467,26228.27265
trip,0,84.26,74.7,61.8,26228.27265,26292.40243
trip,0,22.05,61.8,60.5,26292.40243,26305.04801
charge,120,438.77,60.5,69.7,26305.04801,26305.04801
trip,0,46.15,69.7,65.6,26305.04801,26333.2259
trip,0,87.14,65.6,54.6,26333.2259,26391.83503
trip,0,16.5,54.6,53.6,26391.83503,26401.96757
trip,0,12.16,53.6,52.9,26401.96757,26409.69773
charge,DC Charging,33.28,52.9,89.4,26409.69773,26409.69773
trip,0,60.36,89.4,76.7,26409.69773,26465.1282
trip,0,79.67,76.7,65.0,26465.1282,26521.1328
trip,0,25.42,65.0,62.1,26521.1328,26536.08152
charge,120,121.45,62.1,68.5,26536.08152,26536.08152
trip,0,34.46,68.5,65.1,26536.08152,26557.39055
trip,0,78.81,65.1,54.1,26557.39055,26615.36714
trip,0,25.12,54.1,51.6,26615.36714,26628.55959
charge,240,68.01,51.6,56.4,26628.55959,26628.55959
trip,0,90.21,56.4,40.6,26628.55959,26698.77329
charge,240,92.62,40.6,45.8,26698.77329,26698.77329
trip,0,366.88,45.8,13.3,26698.77329,26886.4004
charge,120,782.24,13.3,31.1,26886.4004,26886.4004
trip,0,54.75,31.1,24.4,26886.4004,26918.58123
charge,120,90.6,24.4,38.9,26918.58123,26918.58123
trip,0,24.78,38.9,36.3,26918.58123,26937.82335
charge,120,312.32,36.3,52.3,26937.82335,26937.82335
trip,0,62.6,52.3,43.7,26937.82335,26984.13945
trip,0,15.46,43.7,42.9,26984.13945,26993.0989
trip,0,74.6,42.9,33.5,26993.0989,27043.70903
trip,0,30.96,33.5,30.7,27043.70903,27064.6538
trip,0,11.5,30.7,29.7,27064.6538,27072.7097
trip,0,12.71,29.7,28.0,27072.7097,27081.74253
trip,0,38.89,28.0,22.6,27081.74253,27109.82412
charge,240,29.73,22.6,38.7,27109.82412,27109.82412
trip,0,21.93,38.7,36.2,27109.82412,27125.25486
trip,0,21.75,36.2,34.2,27125.25486,27140.66537
charge,DC Charging,31.16,34.2,60.7,27140.66537,27140.66537
trip,0,46.59,60.7,52.7,27140.66537,27180.27855
trip,0,67.76,52.7,43.0,27180.27855,27231.64588
trip,0,95.1,43.0,29.6,27231.64588,27307.72001
charge,DC Charging,47.28,29.6,64.2,27307.72001,27307.72001
trip,0,70.86,64.2,62.3,27307.72001,27326.60514
trip,0,81.72,62.3,53.1,27326.60514,27374.66856
charge,240,56.35,53.1,66.1,27374.66856,27374.66856
trip,0,52.11,66.1,57.6,27374.66856,27415.98592
trip,0,32.7,57.6,54.5,27415.98592,27437.86122
charge,DC Charging,54.87,54.5,78.8,27437.86122,27437.86122
trip,0,23.85,78.8,76.4,27437.86122,27454.2963
trip,0,12.64,76.4,75.9,27454.2963,27462.50061
trip,0,46.25,75.9,70.7,27462.50061,27492.80267
trip,0,34.28,70.7,68.7,27492.80267,27512.29719
charge,120,661.98,68.7,81.7,27512.29719,27512.29719
trip,0,64.3,81.7,73.7,27512.29719,27558.26271
trip,0,113.15,73.7,56.9,27558.26271,27643.81907
trip,0,27.66,56.9,53.8,27643.81907,27662.9936
trip,0,54.41,53.8,49.1,27662.9936,27695.38456
trip,0,20.77,49.1,47.7,27695.38456,27709.19923
trip,0,30.95,47.7,46.3,27709.19923,27723.47775
charge,120,210.38,46.3,52.7,27723.47775,27723.47775
trip,0,52.08,52.7,45.6,27723.47775,27762.68011
trip,0,13.57,45.6,43.6,27762.68011,27772.98509
charge,DC Charging,32.63,43.6,75.0,27772.98509,27772.98509
trip,0,25.82,75.0,71.3,27772.98509,27789.74298
charge,120,162.76,71.3,75.9,27789.74298,27789.74298
trip,0,111.74,75.9,57.6,27789.74298,27871.46407
charge,240,55.79,57.6,72.9,27871.46407,27871.46407
trip,0,15.06,72.9,71.2,27871.46407,27881.65742
trip,0,31.9,71.2,69.2,27881.65742,27898.40617
trip,0,95.15,69.2,56.5,27898.40617,27960.78577
charge,120,294.13,56.5,65.0,27960.78577,27960.78577
trip,0,68.85,65.0,54.7,27960.78577,28012.18496
trip,0,11.93,54.7,53.1,28012.18496,28020.36177
charge,0,36.37,53.1,58.6,28020.36177,28020.36177
trip,0,32.39,58.6,55.2,28020.36177,28036.94191
charge,120,95.68,55.2,60.1,28036.94191,28036.94191
trip,0,291.1,60.1,50.6,28036.94191,28072.27261
trip,0,15.69,50.6,49.9,28072.27261,28082.71897
charge,DC Charging,60.18,49.9,76.1,28082.71897,28082.71897
trip,0,21.29,76.1,73.9,28082.71897,28097.63523
trip,0,113.84,73.9,56.9,28097.63523,28186.23707
trip,0,81.29,56.9,44.9,28186.23707,28247.87694
trip,0,16.69,44.9,43.9,28247.87694,28259.34248
charge,120,1018.0,43.9,68.1,28259.34248,28259.34248
trip,0,18.42,68.1,66.9,28259.34248,28269.86406
charge,240,78.87,66.9,83.1,28269.86406,28269.86406
trip,0,256.74,83.1,52.6,28269.86406,28422.52422
trip,0,23.65,52.6,48.0,28422.52422,28438.16725
charge,DC Charging,36.83,48.0,83.6,28438.16725,28438.16725
trip,0,32.82,83.6,77.9,28438.16725,28464.63206
trip,0,65.33,77.9,69.3,28464.63206,28513.07066
trip,0,27.92,69.3,67.2,28513.07066,28531.68855
trip,0,20.09,67.2,65.4,28531.68855,28545.40089
trip,0,84.0,65.4,56.7,28545.40089,28600.10657
trip,0,51.57,56.7,51.2,28600.10657,28630.16475
trip,0,41.83,51.2,47.7,28630.16475,28650.55703
charge,DC Charging,49.44,47.7,67.3,28650.55703,28650.55703
trip,0,47.29,67.3,59.8,28650.55703,28683.41271
charge,DC Charging,37.54,59.8,88.7,28683.41271,28683.41271
trip,0,29.8,88.7,84.0,28683.41271,28704.55206
charge,120,270.53,84.0,94.1,28704.55206,28704.55206
trip,0,96.55,94.1,78.6,28704.55206,28781.4656
trip,0,129.59,78.6,59.7,28781.4656,28881.30691
trip,0,20.82,59.7,58.9,28881.30691,28892.75043
charge,120,402.24,58.9,69.7,28892.75043,28892.75043
trip,0,16.24,69.7,68.9,28892.75043,28903.61831
trip,0,22.29,68.9,67.4,28903.61831,28916.12133
trip,0,16.7,67.4,66.5,28916.12133,28924.02986
trip,0,87.32,66.5,56.7,28924.02986,28981.46625
charge,120,45.44,56.7,70.0,28981.46625,28981.46625
trip,0,14.98,70.0,69.2,28981.46625,28991.85435
trip,0,22.73,69.2,67.5,28991.85435,29007.33945
trip,0,58.72,67.5,61.6,29007.33945,29040.84055
charge,120,641.46,61.6,75.9,29040.84055,29040.84055
trip,0,194.15,75.9,49.0,29040.84055,29170.61328
trip,0,16.91,49.0,46.9,29170.61328,29180.90822
charge,120,310.76,46.9,64.8,29180.90822,29180.90822
trip,0,24.52,64.8,63.9,29180.90822,29193.12918
trip,0,17.06,63.9,62.0,29193.12918,29205.24101
trip,0,78.48,62.0,51.1,29205.24101,29264.02233
trip,0,52.28,51.1,46.9,29264.02233,29297.46165
charge,240,53.66,46.9,63.2,29297.46165,29297.46165
trip,0,23.21,63.2,61.6,29297.46165,29309.82432
charge,120,49.4,61.6,68.5,29309.82432,29309.82432
trip,0,46.72,68.5,61.7,29309.82432,29348.77098
trip,0,21.79,61.7,57.8,29348.77098,29367.21856
trip,0,23.97,57.8,54.4,29367.21856,29386.12914
charge,DC Charging,35.07,54.4,86.1,29386.12914,29386.12914
trip,0,63.26,86.1,77.7,29386.12914,29433.75723
trip,0,114.14,77.7,63.3,29433.75723,29509.68972
trip,0,66.07,63.3,54.7,29509.68972,29558.16946
trip,0,46.01,54.7,49.8,29558.16946,29590.19671
trip,0,73.24,49.8,39.5,29590.19671,29644.07637
trip,0,11.15,39.5,38.4,29644.07637,29652.44109
trip,0,16.13,38.4,36.6,29652.44109,29662.73214
charge,120,42.31,36.6,45.0,29662.73214,29662.73214
trip,0,33.98,45.0,42.7,29662.73214,29682.11758
charge,120,738.86,42.7,58.2,29682.11758,29682.11758
trip,0,231.91,58.2,48.5,29682.11758,29716.06744
charge,240,54.63,48.5,58.7,29716.06744,29716.06744
trip,0,29.91,58.7,54.5,29716.06744,29733.51841
trip,0,252.02,54.5,35.5,29733.51841,29828.89666
charge,DC Charging,93.37,35.5,63.4,29828.89666,29828.89666
trip,0,36.44,63.4,58.1,29828.89666,29856.22283
charge,DC Charging,48.7,58.1,88.8,29856.22283,29856.22283
trip,0,65.12,88.8,76.7,29856.22283,29904.86281
trip,0,38.2,76.7,73.9,29904.86281,29929.82347
trip,0,173.21,73.9,54.1,29929.82347,30032.7396
trip,0,69.07,54.1,43.8,30032.7396,30081.51053
trip,0,19.04,43.8,42.1,30081.51053,30095.98416
trip,0,43.86,42.1,34.0,30095.98416,30129.23789
charge,240,46.35,34.0,42.7,30129.23789,30129.23789
trip,0,17.53,42.7,40.3,30129.23789,30140.40181
charge,240,43.54,40.3,50.6,30140.40181,30140.40181
trip,0,19.43,50.6,49.9,30140.40181,30151.13394
charge,120,430.71,49.9,59.2,30151.13394,30151.13394
trip,0,40.18,59.2,54.8,30151.13394,30177.37567
trip,0,14.44,54.8,53.9,30177.37567,30186.86144
trip,0,34.07,53.9,50.3,30186.86144,30205.99655
trip,0,49.95,50.3,43.9,30205.99655,30237.5834
trip,0,105.03,43.9,41.0,30237.5834,30253.19361
trip,0,31.52,41.0,37.7,30253.19361,30272.33586
trip,0,27.09,37.7,38.6,30272.33586,30278.95973
charge,120,346.42,38.6,47.0,30278.95973,30278.95973
trip,0,39.52,47.0,43.9,30278.95973,30298.47756
trip,0,59.29,43.9,36.5,30298.47756,30339.77551
charge,DC Charging,35.1,36.5,56.6,30339.77551,30339.77551
trip,0,16.42,56.6,54.5,30339.77551,30352.07849
trip,0,10.54,54.5,54.1,30352.07849,30359.5166
trip,0,42.54,54.1,49.2,30359.5166,30381.03022
charge,120,578.99,49.2,62.5,30381.03022,30381.03022
trip,0,214.35,62.5,41.4,30381.03022,30471.35009
charge,120,237.76,41.4,44.0,30471.35009,30471.35009
trip,0,94.19,44.0,31.8,30471.35009,30534.51597
trip,0,157.88,31.8,9.9,30534.51597,30646.3314
charge,120,284.97,9.9,20.2,30646.3314,30646.3314
trip,0,82.24,20.2,6.2,30646.3314,30713.03533
charge,DC Charging,71.92,6.2,76.1,30713.03533,30713.03533
trip,0,25.03,76.1,74.4,30713.03533,30730.54122
trip,0,21.48,74.4,73.5,30730.54122,30740.65181
charge,120,893.53,73.5,87.1,30740.65181,30740.65181
trip,0,180.04,87.1,62.5,30740.65181,30857.95419
charge,120,169.81,62.5,68.0,30857.95419,30857.95419
trip,0,73.33,68.0,55.8,30857.95419,30908.56282
charge,240,43.13,55.8,66.1,30908.56282,30908.56282
trip,0,20.43,66.1,64.7,30908.56282,30918.02973
charge,120,238.21,64.7,77.2,30918.02973,30918.02973
trip,0,58.66,77.2,70.4,30918.02973,30954.44627
trip,0,164.56,70.4,47.1,30954.44627,31075.42737
trip,0,81.37,47.1,34.3,31075.42737,31132.7562
charge,DC Charging,54.55,34.3,54.1,31132.7562,31132.7562
trip,0,31.56,54.1,50.3,31132.7562,31155.0622
trip,0,12.82,50.3,49.0,31155.0622,31164.06436
charge,240,64.38,49.0,63.2,31164.06436,31164.06436
trip,0,63.89,63.2,55.5,31164.06436,31206.77778
trip,0,27.54,55.5,53.2,31206.77778,31224.57018
trip,0,11.97,53.2,51.2,31224.57018,31234.11483
trip,0,69.9,51.2,40.7,31234.11483,31274.3421
charge,DC Charging,81.75,40.7,93.9,31274.3421,31274.3421
trip,0,78.58,93.9,78.4,31274.3421,31345.32478
charge,120,537.81,78.4,87.3,31345.32478,31345.32478
trip,0,89.54,87.3,74.3,31345.32478,31403.01525
trip,0,153.72,74.3,55.4,31403.01525,31497.53636
charge,120,746.86,55.4,66.1,31497.53636,31497.53636
trip,0,229.56,66.1,36.2,31497.53636,31651.66857
charge,120,152.58,36.2,39.5,31651.66857,31651.66857
trip,0,15.35,39.5,38.5,31651.66857,31660.34025
trip,0,77.47,38.5,35.9,31660.34025,31671.21679
trip,0,206.0,35.9,8.5,31671.21679,31812.01467
charge,240,144.78,8.5,22.7,31812.01467,31812.01467
trip,0,31.38,22.7,18.5,31812.01467,31833.40499
charge,240,47.61,18.5,30.8,31833.40499,31833.40499
trip,0,91.44,30.8,14.8,31833.40499,31908.7743
charge,240,100.71,14.8,41.0,31908.7743,31908.7743
trip,0,17.78,41.0,39.3,31908.7743,31920.20163
trip,0,12.3,39.3,38.5,31920.20163,31927.52938
charge,120,99.97,38.5,43.9,31927.52938,31927.52938
trip,0,59.47,43.9,37.2,31927.52938,31963.88731
trip,0,16.85,37.2,35.0,31963.88731,31975.64438
trip,0,162.01,35.0,10.6,31975.64438,32095.88781
charge,120,62.54,10.6,13.9,32095.88781,32095.88781
trip,0,49.52,13.9,7.1,32095.88781,32127.20015
trip,0,11.02,7.1,7.9,32127.20015,32135.11047
charge,DC Charging,121.25,7.9,79.4,32135.11047,32135.11047
trip,0,94.67,79.4,67.7,32135.11047,32194.8291
trip,0,113.61,67.7,51.1,32194.8291,32280.87341
trip,0,31.09,51.1,47.3,32280.87341,32301.55788
trip,0,11.27,47.3,46.8,32301.55788,32308.68937
charge,240,53.47,46.8,58.9,32308.68937,32308.68937
trip,0,98.71,58.9,45.9,32308.68937,32375.12833
trip,0,174.52,45.9,41.3,32375.12833,32400.94298
charge,DC Charging,48.54,41.3,68.7,32400.94298,32400.94298
trip,0,17.04,68.7,66.3,32400.94298,32413.24453
trip,0,18.7,66.3,63.4,32413.24453,32427.44252
trip,0,13.73,63.4,61.9,32427.44252,32438.22935
trip,0,82.61,61.9,50.9,32438.22935,32483.64289
trip,0,12.18,50.9,50.4,32483.64289,32492.66148
trip,0,44.77,50.4,44.8,32492.66148,32525.63871
trip,0,17.86,44.8,42.7,32525.63871,32537.52571
trip,0,99.43,42.7,27.8,32537.52571,32612.53321
trip,0,63.68,27.8,22.0,32612.53321,32651.7708
trip,0,43.06,22.0,17.1,32651.7708,32680.19215
trip,0,14.24,17.1,15.6,32680.19215,32690.81815
charge,DC Charging,31.03,15.6,45.2,32690.81815,32690.81815
trip,0,21.01,45.2,41.9,32690.81815,32706.59237
trip,0,20.23,41.9,39.9,32706.59237,32717.25957
charge,DC Charging,35.71,39.9,68.4,32717.25957,32717.25957
trip,0,24.88,68.4,66.0,32717.25957,32731.63099
charge,120,251.09,66.0,78.1,32731.63099,32731.63099
trip,0,55.37,78.1,68.6,32731.63099,32777.00956
charge,DC Charging,28.55,68.6,96.6,32777.00956,32777.00956
trip,0,109.97,96.6,79.6,32777.00956,32862.60997
trip,0,56.77,79.6,72.0,32862.60997,32901.59895
trip,0,37.25,72.0,68.7,32901.59895,32918.84378
trip,0,29.08,68.7,65.9,32918.84378,32938.73821
