vin,timestamp,end_time,odo,end_odo,soc,end_soc,event,charge_mode
-8.99632e+18,06/01/2021 14:29,06/01/2021 14:38,4974.078125,4975.34375,59.6,59.6,trip,
-8.99632e+18,06/01/2021 14:39,06/01/2021 15:11,4975.34375,4975.34375,59.6,64.3,charge,
-8.99632e+18,06/01/2021 15:11,06/01/2021 15:34,4975.34375,4981.546875,64.3,62.3,trip,
-8.99632e+18,06/01/2021 15:34,06/01/2021 15:35,4981.546875,4981.5625,62.3,62.3,trip,
-8.99632e+18,06/01/2021 15:35,06/01/2021 18:10,4981.5625,4998.109375,62.3,59.6,trip,
-8.99632e+18,06/01/2021 18:10,06/01/2021 18:13,4998.109375,4998.59375,59.6,59.6,trip,
-8.99632e+18,06/01/2021 18:13,06/01/2021 18:37,4998.59375,5000.78125,59.6,58.8,trip,
-8.99632e+18,06/01/2021 18:37,06/01/2021 19:04,5000.78125,5006.25,58.8,58.4,trip,
-8.99632e+18,06/01/2021 19:09,06/01/2021 19:12,5006.25,5007.3125,57.6,57.6,trip,
-8.99632e+18,06/01/2021 19:12,06/01/2021 19:14,5007.3125,5007.5,57.6,57.6,trip,
-8.99632e+18,06/01/2021 19:19,06/01/2021 19:35,5007.5,5007.5,,68.6,charge,
-8.99632e+18,06/01/2021 19:35,06/01/2021 19:36,5007.5,5008.265625,68.6,68.6,trip,
-8.99632e+18,06/01/2021 19:36,06/01/2021 19:41,5008.265625,5010.078125,68.6,68.6,trip,
-8.99632e+18,06/01/2021 20:55,06/01/2021 21:08,5010.078125,5015.25,68.2,67.0,trip,
-8.99632e+18,06/01/2021 21:17,06/01/2021 21:28,5015.25,5024.5625,66.6,64.7,trip,
-8.99632e+18,06/01/2021 21:46,06/01/2021 21:50,5024.5625,5025.71875,63.9,63.9,trip,
-8.99632e+18,07/01/2021 10:24,07/01/2021 10:52,5025.71875,5047.5,63.5,57.6,trip,
-8.99632e+18,07/01/2021 13:34,07/01/2021 14:10,5047.5,5070.328125,56.4,52.5,trip,
-8.99632e+18,07/01/2021 19:12,07/01/2021 19:53,5070.328125,5086.34375,51.7,49.4,trip,
-8.99632e+18,07/01/2021 20:54,07/01/2021 21:01,5086.34375,5088.5,49.0,48.6,trip,
-8.99632e+18,07/01/2021 21:03,07/01/2021 21:49,5088.5,5088.5,,78.4,charge,
-8.99632e+18,07/01/2021 21:49,08/01/2021 08:04,5088.5,5105.359375,78.4,74.1,trip,
-8.99632e+18,08/01/2021 08:04,08/01/2021 08:57,5105.359375,5189.65625,74.1,44.3,trip,
-8.99632e+18,08/01/2021 10:56,08/01/2021 11:13,5189.65625,5201.6875,43.5,40.0,trip,
-8.99632e+18,08/01/2021 11:13,08/01/2021 13:23,5201.6875,5201.765625,40.0,40.3,trip,
-8.99632e+18,08/01/2021 13:23,08/01/2021 13:30,5201.765625,5204.515625,40.3,40.0,trip,
-8.99632e+18,08/01/2021 13:31,08/01/2021 22:44,5204.515625,5204.515625,40.0,100.0,charge,240.0
-8.99632e+18,08/01/2021 22:44,08/01/2021 22:53,5204.515625,5207.25,100.0,100.0,trip,
-8.99632e+18,09/01/2021 10:00,09/01/2021 10:49,5207.25,5286.109375,100.0,78.4,trip,
-8.99632e+18,09/01/2021 13:45,09/01/2021 13:48,5286.109375,5287.15625,77.6,77.6,trip,
-8.99632e+18,09/01/2021 13:48,09/01/2021 16:08,5287.15625,5366.84375,77.6,56.8,trip,
-8.99632e+18,09/01/2021 16:08,09/01/2021 16:09,5366.84375,5366.875,56.8,56.8,trip,
-8.99632e+18,09/01/2021 16:09,09/01/2021 16:16,5366.875,5445.390625,56.8,56.4,trip,
-8.99632e+18,09/01/2021 16:16,10/01/2021 15:15,5445.390625,5445.390625,56.4,78.0,charge,120.0
-8.99632e+18,10/01/2021 15:15,10/01/2021 15:22,5445.390625,5446.46875,78.0,78.0,trip,
-8.99632e+18,10/01/2021 19:35,10/01/2021 19:53,5446.46875,5454.53125,76.4,74.1,trip,
-8.99632e+18,10/01/2021 19:53,10/01/2021 20:55,5454.53125,5540.78125,74.1,48.6,trip,
-8.99632e+18,11/01/2021 00:08,11/01/2021 14:12,5540.78125,5540.78125,49.4,74.5,charge,120.0
-8.99632e+18,11/01/2021 14:12,11/01/2021 14:18,5540.78125,5540.8125,74.5,74.1,trip,
-8.99632e+18,11/01/2021 14:18,11/01/2021 15:15,5540.8125,5631.203125,74.1,54.9,trip,
-8.99632e+18,11/01/2021 15:23,11/01/2021 15:28,5631.203125,5633.40625,54.1,54.1,trip,
-8.99632e+18,11/01/2021 15:47,11/01/2021 15:52,5633.40625,5635.734375,53.7,53.7,trip,
-8.99632e+18,11/01/2021 17:02,11/01/2021 18:22,5635.734375,5730.109375,53.3,27.0,trip,
-8.99632e+18,11/01/2021 18:31,11/01/2021 18:45,5730.125,5735.203125,27.0,26.2,trip,
-8.99632e+18,11/01/2021 18:45,12/01/2021 10:32,5735.203125,5735.203125,26.2,100.0,charge,240.0
-8.99632e+18,12/01/2021 10:32,12/01/2021 10:40,5735.203125,5739.125,100.0,99.2,trip,
-8.99632e+18,12/01/2021 10:40,12/01/2021 11:39,5739.125,5824.203125,99.2,78.0,trip,
-8.99632e+18,12/01/2021 11:39,13/01/2021 13:07,5824.203125,5909.734375,78.0,53.7,trip,
-8.99632e+18,13/01/2021 13:07,13/01/2021 13:09,5909.734375,5909.765625,53.7,53.7,trip,
-8.99632e+18,13/01/2021 13:10,13/01/2021 18:19,5909.765625,5909.765625,53.7,62.3,charge,120.0
-8.99632e+18,13/01/2021 18:19,13/01/2021 19:15,5909.765625,5996.625,62.3,41.5,trip,
-8.99632e+18,13/01/2021 19:19,13/01/2021 19:21,5996.625,5996.96875,41.5,41.5,trip,
-8.99632e+18,13/01/2021 19:22,13/01/2021 19:30,5996.96875,5996.96875,41.5,50.1,charge,
-8.99632e+18,13/01/2021 19:30,13/01/2021 20:46,5996.96875,5998.875,50.1,50.9,trip,
-8.99632e+18,13/01/2021 20:46,13/01/2021 21:57,5998.875,6084.390625,50.9,25.8,trip,
-8.99632e+18,13/01/2021 22:02,14/01/2021 00:07,6084.390625,6084.390625,25.8,29.4,charge,120.0
-8.99632e+18,14/01/2021 00:07,14/01/2021 00:12,6084.390625,6087.234375,29.4,28.2,trip,
-8.99632e+18,14/01/2021 00:13,14/01/2021 09:50,6087.234375,6087.234375,28.2,100.0,charge,240.0
-8.99632e+18,14/01/2021 09:50,14/01/2021 10:47,6087.234375,6163.546875,100.0,85.8,trip,
-8.99632e+18,14/01/2021 10:47,14/01/2021 10:52,6163.546875,6163.59375,85.8,85.4,trip,
-8.99632e+18,14/01/2021 10:52,14/01/2021 10:54,6163.59375,6164.609375,85.4,85.4,trip,
-8.99632e+18,14/01/2021 13:36,14/01/2021 13:37,6164.609375,6164.625,84.3,84.3,trip,
-8.99632e+18,14/01/2021 13:38,14/01/2021 13:45,6164.625,6165.65625,84.3,84.3,trip,
-8.99632e+18,14/01/2021 13:59,14/01/2021 14:08,6165.65625,6168.609375,84.3,83.5,trip,
-8.99632e+18,14/01/2021 18:00,14/01/2021 18:09,6168.609375,6170.328125,83.1,82.7,trip,
-8.99632e+18,14/01/2021 18:18,14/01/2021 18:19,6170.328125,6170.34375,82.3,82.3,trip,
-8.99632e+18,14/01/2021 18:21,14/01/2021 18:24,6170.34375,6170.34375,82.3,82.3,trip,
-8.99632e+18,14/01/2021 18:25,14/01/2021 18:27,6170.34375,6170.640625,82.3,82.3,trip,
-8.99632e+18,14/01/2021 18:30,14/01/2021 19:10,6170.640625,6180.640625,82.3,80.3,trip,
-8.99632e+18,14/01/2021 19:10,14/01/2021 19:14,6180.640625,6181.84375,80.3,80.0,trip,
-8.99632e+18,14/01/2021 19:14,14/01/2021 19:52,6181.84375,6181.84375,80.0,81.5,charge,240
-8.99632e+18,14/01/2021 19:52,14/01/2021 19:58,6181.84375,6181.84375,81.5,81.5,trip,
-8.99632e+18,14/01/2021 22:01,14/01/2021 22:58,6181.84375,6267.171875,81.5,56.4,trip,
-8.99632e+18,14/01/2021 22:58,15/01/2021 09:53,6267.171875,6267.25,56.4,56.4,trip,
-8.99632e+18,15/01/2021 09:53,15/01/2021 10:56,6267.25,6351.96875,56.4,38.8,trip,
-8.99632e+18,15/01/2021 13:32,15/01/2021 14:05,6351.96875,6380.484375,38.4,30.5,trip,
-8.99632e+18,15/01/2021 14:05,15/01/2021 14:34,6380.484375,6380.484375,30.5,65.4,charge,DC Charging
-8.99632e+18,15/01/2021 14:34,15/01/2021 15:15,6380.484375,6445.078125,65.4,45.8,trip,
-8.99632e+18,15/01/2021 15:40,15/01/2021 15:41,6445.078125,6445.078125,45.8,45.8,trip,
-8.99632e+18,15/01/2021 15:41,15/01/2021 19:45,6445.078125,6445.078125,45.8,52.5,charge,
-8.99632e+18,15/01/2021 19:45,15/01/2021 20:03,6445.078125,6454.171875,52.5,51.3,trip,
-8.99632e+18,15/01/2021 20:03,15/01/2021 20:04,6454.171875,6454.234375,51.3,51.3,trip,
-8.99632e+18,15/01/2021 20:04,15/01/2021 21:09,6454.234375,6454.234375,51.3,51.3,charge,240
-8.99632e+18,15/01/2021 21:09,15/01/2021 21:25,6454.234375,6462.421875,51.3,49.0,trip,
-8.99632e+18,15/01/2021 22:00,15/01/2021 22:02,6462.421875,6462.625,49.0,49.0,trip,
-8.99632e+18,15/01/2021 22:03,15/01/2021 22:29,6462.625,6477.234375,49.0,46.2,trip,
-8.99632e+18,15/01/2021 22:42,15/01/2021 23:00,6477.234375,6488.34375,45.4,43.5,trip,
-8.99632e+18,15/01/2021 23:00,16/01/2021 09:39,6488.34375,6563.365008,43.5,41.5,trip,
-8.99632e+18,16/01/2021 09:39,17/01/2021 14:20,6563.365008,6563.365008,41.5,92.5,charge,120
-8.99632e+18,17/01/2021 14:20,17/01/2021 15:14,6563.365008,6569.703125,92.5,73.7,trip,
-8.99632e+18,17/01/2021 19:37,17/01/2021 19:46,6569.703125,6573.8125,72.5,72.1,trip,
-8.99632e+18,17/01/2021 19:56,17/01/2021 20:05,6573.8125,6577.453125,71.3,70.5,trip,
-8.99632e+18,17/01/2021 20:07,17/01/2021 20:26,6577.453125,6589.171875,70.5,67.8,trip,
-8.99632e+18,17/01/2021 20:26,17/01/2021 20:34,6589.171875,6589.28125,67.8,67.4,trip,
-8.99632e+18,17/01/2021 20:34,17/01/2021 21:16,6589.28125,6663.453125,67.4,45.8,trip,
-8.99632e+18,17/01/2021 22:04,17/01/2021 22:14,6663.453125,6676.609375,46.2,42.7,trip,
-8.99632e+18,17/01/2021 23:00,17/01/2021 23:12,6676.609375,6689.75,42.7,39.2,trip,
-8.99632e+18,17/01/2021 23:12,18/01/2021 11:19,6689.75,6766.881646,39.2,38.8,trip,
-8.99632e+18,18/01/2021 11:19,19/01/2021 09:46,6766.881646,6766.881646,38.8,78.0,charge,120
-8.99632e+18,19/01/2021 09:46,19/01/2021 10:59,6766.881646,6774.59375,78.0,60.3,trip,
-8.99632e+18,19/01/2021 12:18,19/01/2021 12:26,6774.59375,6777.3125,60.7,60.7,trip,
-8.99632e+18,19/01/2021 12:41,19/01/2021 12:58,6777.3125,6783.890625,60.0,59.2,trip,
-8.99632e+18,19/01/2021 13:15,19/01/2021 13:30,6783.890625,6784.484375,58.4,58.4,trip,
-8.99632e+18,19/01/2021 15:01,19/01/2021 15:04,6784.484375,6785.125,58.0,58.0,trip,
-8.99632e+18,19/01/2021 16:27,19/01/2021 17:29,6785.125,6864.15625,58.0,29.8,trip,
-8.99632e+18,19/01/2021 21:03,20/01/2021 18:20,6864.15625,6864.15625,32.1,69.4,charge,120
-8.99632e+18,20/01/2021 18:20,20/01/2021 18:23,6864.15625,6865.796875,69.4,69.0,trip,
-8.99632e+18,20/01/2021 18:23,20/01/2021 20:39,6865.796875,6950.296875,69.0,50.5,trip,
-8.99632e+18,20/01/2021 20:39,20/01/2021 21:50,6950.296875,7000.1875,50.5,38.0,trip,
-8.99632e+18,20/01/2021 21:51,20/01/2021 22:38,7000.1875,7000.1875,38.0,79.6,charge,
-8.99632e+18,20/01/2021 22:38,20/01/2021 23:16,7000.1875,7057.0,79.6,61.9,trip,
-8.99632e+18,21/01/2021 00:19,21/01/2021 09:39,7057.0,7057.0,61.9,78.8,charge,120
-8.99632e+18,21/01/2021 09:39,21/01/2021 10:51,7057.0,7137.109375,78.8,59.2,trip,
-8.99632e+18,21/01/2021 10:51,21/01/2021 10:54,7137.109375,7138.171875,59.2,59.2,trip,
-8.99632e+18,21/01/2021 13:33,21/01/2021 13:35,7138.171875,7138.171875,58.4,58.4,trip,
-8.99632e+18,21/01/2021 13:43,21/01/2021 14:03,7138.171875,7146.4375,58.0,56.8,trip,
-8.99632e+18,21/01/2021 14:03,21/01/2021 14:51,7146.4375,7146.4375,56.8,82.7,charge,DC Charging
-8.99632e+18,21/01/2021 14:51,21/01/2021 15:00,7146.4375,7149.375,82.7,82.3,trip,
-8.99632e+18,21/01/2021 15:59,21/01/2021 16:41,7149.375,7170.859375,82.3,76.4,trip,
-8.99632e+18,21/01/2021 16:50,21/01/2021 17:25,7170.859375,7189.78125,76.0,73.3,trip,
-8.99632e+18,21/01/2021 17:39,21/01/2021 18:19,7189.78125,7189.78125,72.5,79.2,charge,240
-8.99632e+18,21/01/2021 18:19,21/01/2021 18:19,7189.78125,7189.78125,79.2,79.2,trip,
-8.99632e+18,21/01/2021 18:20,21/01/2021 18:59,7189.78125,7189.78125,79.2,85.0,charge,240
-8.99632e+18,21/01/2021 18:59,21/01/2021 19:02,7189.78125,7190.9375,85.0,85.0,trip,
-8.99632e+18,21/01/2021 22:11,21/01/2021 23:19,7190.9375,7276.265625,85.0,60.3,trip,
-8.99632e+18,21/01/2021 23:19,22/01/2021 09:49,7276.265625,7276.265625,60.3,78.8,charge,120
-8.99632e+18,22/01/2021 09:49,22/01/2021 10:56,7276.265625,7361.375,78.8,60.3,trip,
-8.99632e+18,22/01/2021 13:14,22/01/2021 13:31,7361.375,7371.640625,60.0,58.0,trip,
-8.99632e+18,22/01/2021 13:31,22/01/2021 14:52,7371.640625,7384.21875,58.0,54.9,trip,
-8.99632e+18,22/01/2021 14:52,22/01/2021 15:07,7384.21875,7390.328125,54.9,53.7,trip,
-8.99632e+18,22/01/2021 15:27,22/01/2021 15:30,7390.328125,7390.609375,52.9,52.9,trip,
-8.99632e+18,22/01/2021 15:34,22/01/2021 16:10,7390.609375,7413.34375,52.9,47.4,trip,
-8.99632e+18,22/01/2021 16:36,22/01/2021 17:25,7413.34375,7435.921875,46.6,43.9,trip,
-8.99632e+18,22/01/2021 17:25,22/01/2021 18:00,7435.921875,7435.921875,43.9,49.0,charge,240.0
-8.99632e+18,22/01/2021 18:00,22/01/2021 19:28,7435.921875,7437.140625,49.0,49.0,trip,
-8.99632e+18,22/01/2021 19:28,22/01/2021 21:59,7437.140625,7520.953125,49.0,28.2,trip,
-8.99632e+18,22/01/2021 21:59,23/01/2021 11:03,7520.953125,7520.953125,28.2,50.9,charge,120.0
-8.99632e+18,23/01/2021 11:03,23/01/2021 11:41,7520.953125,7551.140625,50.9,42.7,trip,
-8.99632e+18,23/01/2021 11:41,23/01/2021 17:03,7551.140625,7619.759321,42.7,41.5,trip,
-8.99632e+18,23/01/2021 17:03,24/01/2021 14:29,7619.759321,7619.759321,41.5,78.8,charge,120.0
-8.99632e+18,24/01/2021 14:29,24/01/2021 15:23,7619.759321,7631.140625,78.8,59.2,trip,
-8.99632e+18,24/01/2021 19:28,24/01/2021 20:56,7631.140625,7725.734375,60.0,30.5,trip,
-8.99632e+18,24/01/2021 21:30,25/01/2021 17:20,7725.734375,7725.734375,30.5,65.4,charge,120.0
-8.99632e+18,25/01/2021 17:20,25/01/2021 17:31,7725.734375,7727.453125,65.4,65.4,trip,
-8.99632e+18,25/01/2021 17:38,25/01/2021 17:40,7727.453125,7727.75,65.4,65.4,trip,
-8.99632e+18,25/01/2021 17:48,25/01/2021 17:57,7727.75,7728.875,65.0,64.7,trip,
-8.99632e+18,25/01/2021 17:57,26/01/2021 11:15,7728.875,7728.875,64.7,96.4,charge,120.0
-8.99632e+18,26/01/2021 11:15,26/01/2021 12:17,7728.875,7813.734375,96.4,75.2,trip,
-8.99632e+18,26/01/2021 13:39,26/01/2021 14:52,7813.734375,7905.984375,75.2,45.4,trip,
-8.99632e+18,26/01/2021 14:57,27/01/2021 18:14,7905.984375,7905.984375,45.4,94.5,charge,120.0
-8.99632e+18,27/01/2021 18:14,27/01/2021 19:13,7905.984375,7990.921875,94.5,77.2,trip,
-8.99632e+18,27/01/2021 20:38,27/01/2021 20:57,7990.921875,7997.9375,76.0,74.5,trip,
-8.99632e+18,27/01/2021 21:00,27/01/2021 22:05,7997.953125,8083.625,74.5,51.3,trip,
-8.99632e+18,27/01/2021 22:05,27/01/2021 22:12,8083.625,8085.234375,51.3,51.3,trip,
-8.99632e+18,27/01/2021 22:22,27/01/2021 22:25,8085.234375,8086.484375,50.9,50.9,trip,
-8.99632e+18,28/01/2021 00:23,28/01/2021 09:24,8086.484375,8086.484375,50.9,66.6,charge,120.0
-8.99632e+18,28/01/2021 09:24,28/01/2021 10:43,8086.484375,8165.046875,66.6,47.4,trip,
-8.99632e+18,28/01/2021 10:43,28/01/2021 10:53,8165.046875,8166.09375,47.4,47.4,trip,
-8.99632e+18,28/01/2021 10:54,28/01/2021 10:54,8166.09375,8166.09375,47.4,47.4,trip,
-8.99632e+18,28/01/2021 14:03,28/01/2021 14:21,8166.109375,8172.59375,47.0,45.4,trip,
-8.99632e+18,28/01/2021 14:22,28/01/2021 14:51,8172.59375,8172.59375,45.4,67.0,charge,
-8.99632e+18,28/01/2021 14:51,28/01/2021 15:02,8172.59375,8175.859375,67.0,67.0,trip,
-8.99632e+18,28/01/2021 16:00,28/01/2021 16:03,8175.875,8176.671875,66.2,66.2,trip,
-8.99632e+18,28/01/2021 19:54,28/01/2021 19:57,8176.671875,8176.765625,68.2,68.2,trip,
-8.99632e+18,28/01/2021 22:05,28/01/2021 22:56,8176.765625,8262.65625,67.8,36.0,trip,
-8.99632e+18,28/01/2021 23:38,29/01/2021 09:53,8262.65625,8262.65625,36.4,54.5,charge,120.0
-8.99632e+18,29/01/2021 09:53,29/01/2021 10:31,8262.65625,8300.625,54.5,43.9,trip,
-8.99632e+18,29/01/2021 10:31,29/01/2021 10:32,8300.625,8300.625,43.9,43.9,trip,
-8.99632e+18,29/01/2021 10:35,29/01/2021 12:48,8300.625,8300.625,44.3,47.8,charge,120.0
-8.99632e+18,29/01/2021 12:48,29/01/2021 15:16,8300.625,8379.4375,47.8,29.4,trip,
-8.99632e+18,29/01/2021 15:16,29/01/2021 15:20,8379.4375,8380.578125,29.4,29.4,trip,
-8.99632e+18,29/01/2021 15:28,29/01/2021 15:47,8380.578125,8386.171875,29.0,28.2,trip,
-8.99632e+18,29/01/2021 15:48,29/01/2021 16:34,8386.171875,8386.171875,28.2,74.5,charge,
-8.99632e+18,29/01/2021 16:34,29/01/2021 17:07,8386.171875,8391.75,74.5,73.3,trip,
-8.99632e+18,29/01/2021 17:07,29/01/2021 17:23,8391.75,8397.921875,73.3,72.9,trip,
-8.99632e+18,29/01/2021 17:24,29/01/2021 18:04,8397.921875,8397.921875,72.9,78.8,charge,240.0
-8.99632e+18,29/01/2021 18:04,29/01/2021 18:07,8397.921875,8399.125,78.8,78.8,trip,
-8.99632e+18,29/01/2021 19:44,29/01/2021 20:49,8399.125,8484.921875,76.0,52.1,trip,
-8.99632e+18,29/01/2021 21:19,31/01/2021 12:52,8484.921875,8484.921875,52.1,100.0,charge,120.0
-8.99632e+18,31/01/2021 12:52,31/01/2021 13:41,8484.921875,8568.421875,100.0,78.8,trip,
-8.99632e+18,31/01/2021 13:43,31/01/2021 13:49,8568.421875,8570.1875,78.8,78.4,trip,
-8.99632e+18,31/01/2021 13:49,31/01/2021 15:18,8570.1875,8577.0,78.4,76.4,trip,
-8.99632e+18,31/01/2021 15:18,31/01/2021 15:23,8577.0,8578.4375,76.4,76.4,trip,
-8.99632e+18,31/01/2021 19:35,31/01/2021 20:32,8578.4375,8657.546875,76.0,52.9,trip,
-8.99632e+18,31/01/2021 21:37,01/02/2021 19:23,8657.546875,8657.546875,52.9,78.0,charge,120.0
-8.99632e+18,01/02/2021 19:23,01/02/2021 19:34,8657.546875,8660.953125,78.0,78.0,trip,
-8.99632e+18,01/02/2021 20:21,01/02/2021 20:24,8660.953125,8661.140625,77.6,77.6,trip,
-8.99632e+18,01/02/2021 20:34,01/02/2021 20:41,8661.140625,8664.078125,77.6,77.2,trip,
-8.99632e+18,01/02/2021 20:41,01/02/2021 21:51,8664.078125,8665.969882,77.2,76.8,trip,
-8.99632e+18,01/02/2021 21:51,02/02/2021 17:09,8665.969882,8665.969882,76.8,100.0,charge,120.0
-8.99632e+18,02/02/2021 17:09,02/02/2021 17:13,8665.969882,8666.078125,100.0,99.6,trip,
-8.99632e+18,02/02/2021 17:29,02/02/2021 17:36,8666.078125,8668.390625,99.6,99.6,trip,
-8.99632e+18,02/02/2021 17:46,02/02/2021 17:49,8668.390625,8669.59375,99.2,99.2,trip,
-8.99632e+18,02/02/2021 17:49,03/02/2021 21:46,8669.59375,8759.53125,99.2,77.2,trip,
-8.99632e+18,03/02/2021 21:46,03/02/2021 21:51,8759.53125,8761.359375,77.2,77.2,trip,
-8.99632e+18,03/02/2021 22:39,03/02/2021 23:40,8761.359375,8819.265625,76.4,61.9,trip,
-8.99632e+18,03/02/2021 23:47,03/02/2021 23:50,8819.265625,8820.390625,61.1,61.1,trip,
-8.99632e+18,03/02/2021 23:54,04/02/2021 00:19,8820.390625,8853.3125,61.1,50.9,trip,
-8.99632e+18,04/02/2021 01:22,04/02/2021 09:52,8853.3125,8853.3125,50.9,65.4,charge,120.0
-8.99632e+18,04/02/2021 09:52,04/02/2021 10:54,8853.3125,8932.078125,65.4,49.0,trip,
-8.99632e+18,04/02/2021 10:54,04/02/2021 13:26,8932.078125,8932.109375,49.0,48.2,trip,
-8.99632e+18,04/02/2021 13:26,04/02/2021 14:22,8932.109375,9011.171875,48.2,25.0,trip,
-8.99632e+18,04/02/2021 14:36,04/02/2021 14:41,9011.1875,9014.0,25.0,23.5,trip,
-8.99632e+18,04/02/2021 14:42,04/02/2021 22:47,9014.0,9014.0,23.5,74.5,charge,
-8.99632e+18,04/02/2021 22:47,04/02/2021 22:53,9014.0,9016.859375,74.5,74.5,trip,
-8.99632e+18,04/02/2021 22:55,04/02/2021 22:55,9016.859375,9016.875,74.5,74.5,trip,
-8.99632e+18,04/02/2021 23:25,04/02/2021 23:33,9016.875,9022.390625,74.5,72.9,trip,
-8.99632e+18,04/02/2021 23:33,04/02/2021 23:52,9022.390625,9022.390625,72.9,75.2,charge,240.0
-8.99632e+18,04/02/2021 23:52,04/02/2021 23:57,9022.390625,9025.5,75.2,73.7,trip,
-8.99632e+18,05/02/2021 01:25,05/02/2021 01:34,9025.5,9033.484375,74.9,74.1,trip,
-8.99632e+18,05/02/2021 18:00,05/02/2021 18:00,9033.484375,9033.546875,73.7,73.7,trip,
-8.99632e+18,05/02/2021 18:10,05/02/2021 19:13,9033.546875,9119.140625,73.7,55.6,trip,
-8.99632e+18,05/02/2021 19:13,05/02/2021 19:24,9119.140625,9119.15625,55.6,56.4,charge,240.0
-8.99632e+18,05/02/2021 19:24,05/02/2021 19:28,9119.15625,9120.3125,56.4,56.4,trip,
-8.99632e+18,05/02/2021 22:27,06/02/2021 00:21,9120.3125,9214.28125,56.4,33.3,trip,
-8.99632e+18,06/02/2021 16:28,06/02/2021 16:36,9214.28125,9217.203125,32.5,32.1,trip,
-8.99632e+18,06/02/2021 16:37,06/02/2021 21:44,9217.203125,9217.203125,32.1,63.9,charge,
-8.99632e+18,06/02/2021 21:44,06/02/2021 21:59,9217.203125,9225.171875,63.9,63.9,trip,
-8.99632e+18,06/02/2021 21:59,07/02/2021 13:00,9225.171875,9234.015625,63.9,62.7,trip,
-8.99632e+18,07/02/2021 13:00,07/02/2021 13:52,9234.015625,9319.453125,62.7,41.9,trip,
-8.99632e+18,07/02/2021 15:01,07/02/2021 15:15,9319.453125,9326.046875,41.5,40.7,trip,
-8.99632e+18,07/02/2021 15:15,07/02/2021 19:40,9326.046875,9327.125,40.7,38.4,trip,
-8.99632e+18,07/02/2021 19:40,07/02/2021 21:00,9327.125,9421.515625,38.4,8.6,trip,
-8.99632e+18,08/02/2021 11:13,08/02/2021 11:14,9421.515625,9421.578125,10.9,10.9,trip,
-8.99632e+18,08/02/2021 14:41,08/02/2021 14:44,9421.578125,9423.296875,10.5,10.1,trip,
-8.99632e+18,08/02/2021 14:58,08/02/2021 15:03,9423.296875,9425.171875,10.1,10.1,trip,
-8.99632e+18,08/02/2021 17:25,08/02/2021 17:32,9425.171875,9428.0,9.8,8.6,trip,
-8.99632e+18,08/02/2021 17:34,08/02/2021 17:39,9428.0,9428.0,8.6,8.6,trip,
-8.99632e+18,08/02/2021 17:39,08/02/2021 18:01,9428.0,9436.203125,8.6,7.8,trip,
-8.99632e+18,08/02/2021 18:01,08/02/2021 18:01,9436.203125,9436.203125,7.8,7.8,trip,
-8.99632e+18,08/02/2021 18:07,08/02/2021 18:54,9436.203125,9436.203125,7.8,58.0,charge,DC Charging
-8.99632e+18,08/02/2021 18:54,08/02/2021 18:54,9436.203125,9436.203125,58.0,58.0,trip,
-8.99632e+18,08/02/2021 18:54,08/02/2021 19:13,9436.203125,9436.203125,58.0,74.5,charge,DC Charging
-8.99632e+18,08/02/2021 19:13,08/02/2021 19:23,9436.203125,9439.96875,74.5,73.3,trip,
-8.99632e+18,08/02/2021 19:23,08/02/2021 19:27,9439.96875,9441.171875,73.3,72.9,trip,
-8.99632e+18,10/02/2021 18:59,10/02/2021 19:00,9441.1875,9441.203125,71.3,71.3,trip,
-8.99632e+18,10/02/2021 19:01,11/02/2021 09:55,9441.203125,9441.203125,71.3,100.0,charge,240
-8.99632e+18,11/02/2021 09:55,11/02/2021 10:57,9441.203125,9520.515625,100.0,82.3,trip,
-8.99632e+18,11/02/2021 13:30,11/02/2021 14:24,9520.515625,9599.359375,81.9,60.0,trip,
-8.99632e+18,11/02/2021 14:25,11/02/2021 18:33,9599.359375,9599.359375,60.0,81.9,charge,240
-8.99632e+18,11/02/2021 18:33,11/02/2021 18:43,9599.359375,9602.375,81.9,81.9,trip,
-8.99632e+18,11/02/2021 18:51,11/02/2021 19:00,9602.375,9604.4375,81.5,81.1,trip,
-8.99632e+18,11/02/2021 19:05,11/02/2021 20:16,9604.4375,9690.875,80.7,62.7,trip,
-8.99632e+18,11/02/2021 21:12,11/02/2021 21:24,9690.875,9695.40625,61.9,61.5,trip,
-8.99632e+18,11/02/2021 21:37,11/02/2021 23:04,9695.40625,9785.4375,61.1,36.8,trip,
-8.99632e+18,11/02/2021 23:05,12/02/2021 14:16,9785.4375,9785.4375,36.8,100.0,charge,240
-8.99632e+18,12/02/2021 14:16,12/02/2021 14:30,9785.4375,9793.375,100.0,98.8,trip,
-8.99632e+18,12/02/2021 14:30,12/02/2021 15:44,9793.375,9793.375,98.8,98.8,charge,240
-8.99632e+18,12/02/2021 15:44,12/02/2021 15:58,9793.375,9801.546875,98.8,96.8,trip,
-8.99632e+18,12/02/2021 17:32,12/02/2021 19:03,9801.546875,9894.421875,96.0,74.1,trip,
-8.99632e+18,12/02/2021 20:06,12/02/2021 22:20,9894.421875,9980.3125,73.7,55.6,trip,
-8.99632e+18,12/02/2021 22:20,13/02/2021 12:32,9980.3125,9980.3125,55.6,100.0,charge,240
-8.99632e+18,13/02/2021 12:32,13/02/2021 13:23,9980.3125,10062.89063,100.0,79.2,trip,
-8.99632e+18,13/02/2021 13:52,13/02/2021 13:53,10062.90625,10063.0625,78.8,78.8,trip,
-8.99632e+18,13/02/2021 13:53,13/02/2021 22:27,10063.0625,10063.09375,78.8,79.2,trip,
-8.99632e+18,13/02/2021 22:27,13/02/2021 23:16,10063.09375,10142.79688,79.2,56.0,trip,
-8.99632e+18,13/02/2021 23:18,15/02/2021 11:09,10142.79688,10142.79688,56.0,100.0,charge,240.0
-8.99632e+18,15/02/2021 11:09,15/02/2021 12:05,10142.79688,10210.1875,100.0,83.1,trip,
-8.99632e+18,15/02/2021 12:05,15/02/2021 13:08,10210.1875,10210.21875,83.1,82.7,trip,
-8.99632e+18,15/02/2021 13:08,15/02/2021 13:15,10210.21875,10212.20313,82.7,82.7,trip,
-8.99632e+18,15/02/2021 15:30,15/02/2021 16:11,10212.20313,10272.75,81.9,65.4,trip,
-8.99632e+18,15/02/2021 16:11,15/02/2021 22:37,10272.75,10272.75,65.4,100.0,charge,240.0
-8.99632e+18,15/02/2021 22:37,16/02/2021 13:13,10272.75,10277.89063,100.0,100.0,trip,
-8.99632e+18,16/02/2021 13:13,16/02/2021 13:23,10277.89063,10282.57813,100.0,98.8,trip,
-8.99632e+18,16/02/2021 13:23,17/02/2021 18:51,10282.57813,10411.04688,98.8,70.1,trip,
-8.99632e+18,17/02/2021 18:51,17/02/2021 19:14,10411.04688,10415.17188,70.1,69.4,trip,
-8.99632e+18,17/02/2021 20:26,17/02/2021 22:05,10415.17188,10500.6875,69.8,50.1,trip,
-8.99632e+18,17/02/2021 22:06,18/02/2021 09:55,10500.6875,10500.70313,50.1,100.0,charge,240.0
-8.99632e+18,18/02/2021 09:55,18/02/2021 09:56,10500.70313,10500.71875,100.0,100.0,trip,
-8.99632e+18,18/02/2021 09:56,22/02/2021 15:22,10500.71875,10500.75,100.0,100.0,trip,
-8.99632e+18,22/02/2021 15:22,22/02/2021 15:27,10500.75,10502.40625,100.0,100.0,trip,
-8.99632e+18,22/02/2021 15:49,22/02/2021 15:56,10502.40625,10504.34375,99.6,99.6,trip,
-8.99632e+18,23/02/2021 13:01,23/02/2021 13:02,10504.35938,10504.375,98.8,98.8,trip,
-8.99632e+18,23/02/2021 23:12,23/02/2021 23:27,10504.375,10522.6875,98.8,93.7,trip,
-8.99632e+18,24/02/2021 01:04,24/02/2021 01:33,10522.6875,10542.9375,92.9,87.0,trip,
-8.99632e+18,24/02/2021 01:34,24/02/2021 03:58,10542.9375,10542.9375,87.0,100.0,charge,240.0
-8.99632e+18,24/02/2021 03:58,24/02/2021 14:10,10542.9375,10542.96875,100.0,100.0,trip,
-8.99632e+18,24/02/2021 14:10,24/02/2021 14:17,10542.96875,10544.8125,100.0,100.0,trip,
-8.99632e+18,24/02/2021 14:19,24/02/2021 15:13,10544.8125,10628.625,100.0,81.5,trip,
-8.99632e+18,24/02/2021 15:13,24/02/2021 15:38,10628.625,10632.57813,81.5,80.3,trip,
-8.99632e+18,24/02/2021 15:38,24/02/2021 17:10,10632.57813,10716.6875,80.3,59.6,trip,
-8.99632e+18,24/02/2021 17:13,24/02/2021 17:27,10716.6875,10722.78125,59.2,58.0,trip,
-8.99632e+18,25/02/2021 11:23,25/02/2021 11:23,10722.79688,10722.79688,58.4,58.4,trip,
-8.99632e+18,25/02/2021 11:24,25/02/2021 12:57,10722.79688,10722.79688,58.4,67.0,charge,240.0
-8.99632e+18,25/02/2021 12:57,25/02/2021 12:57,10722.79688,10722.8125,67.0,67.0,trip,
-8.99632e+18,25/02/2021 12:58,25/02/2021 17:40,10722.8125,10722.8125,67.0,93.3,charge,240.0
-8.99632e+18,25/02/2021 17:40,25/02/2021 17:54,10722.8125,10730.67188,93.3,92.1,trip,
-8.99632e+18,25/02/2021 17:56,25/02/2021 18:46,10730.67188,10730.67188,92.1,92.1,charge,
-8.99632e+18,25/02/2021 18:46,25/02/2021 20:00,10730.67188,10812.1875,92.1,74.9,trip,
-8.99632e+18,25/02/2021 21:59,25/02/2021 22:13,10812.1875,10827.82813,73.7,69.0,trip,
-8.99632e+18,25/02/2021 23:42,26/02/2021 01:09,10827.82813,10933.90625,69.0,33.3,trip,
-8.99632e+18,26/02/2021 01:11,26/02/2021 15:25,10933.90625,10933.90625,33.3,100.0,charge,240.0
-8.99632e+18,26/02/2021 15:25,26/02/2021 16:42,10933.90625,11017.64063,100.0,83.1,trip,
-8.99632e+18,26/02/2021 16:42,26/02/2021 17:27,11017.64063,11034.1875,83.1,78.4,trip,
-8.99632e+18,26/02/2021 17:27,26/02/2021 18:17,11034.1875,11052.39063,78.4,75.6,trip,
-8.99632e+18,26/02/2021 20:37,26/02/2021 22:31,11052.39063,11137.67188,75.6,58.8,trip,
-8.99632e+18,26/02/2021 22:32,27/02/2021 15:04,11137.67188,11137.67188,58.8,100.0,charge,240.0
-8.99632e+18,27/02/2021 15:04,27/02/2021 15:44,11137.67188,11156.71875,100.0,95.6,trip,
-8.99632e+18,27/02/2021 17:28,27/02/2021 17:56,11156.71875,11169.60938,95.2,92.5,trip,
-8.99632e+18,27/02/2021 18:16,27/02/2021 18:29,11169.60938,11175.98438,92.1,90.9,trip,
-8.99632e+18,27/02/2021 18:29,27/02/2021 21:50,11175.98438,11244.72859,90.9,90.1,trip,
-8.99632e+18,27/02/2021 21:50,28/02/2021 12:08,11244.72859,11244.72859,90.1,100.0,charge,240.0
-8.99632e+18,28/02/2021 12:08,28/02/2021 12:58,11244.72859,11261.76563,100.0,80.3,trip,
-8.99632e+18,28/02/2021 14:08,28/02/2021 14:14,11261.76563,11263.51563,79.6,79.2,trip,
-8.99632e+18,28/02/2021 14:24,28/02/2021 15:22,11263.53125,11347.67188,79.2,55.6,trip,
-8.99632e+18,28/02/2021 15:24,01/03/2021 17:38,11347.67188,11347.67188,55.6,100.0,charge,240.0
-8.99632e+18,01/03/2021 17:38,01/03/2021 19:15,11347.67188,11469.78125,100.0,70.1,trip,
-8.99632e+18,01/03/2021 19:25,01/03/2021 19:29,11469.78125,11471.03125,70.1,70.1,trip,
-8.99632e+18,01/03/2021 21:38,01/03/2021 22:55,11471.03125,11592.375,70.1,33.3,trip,
-8.99632e+18,01/03/2021 22:56,02/03/2021 11:19,11592.375,11592.375,33.3,100.0,charge,240.0
-8.99632e+18,02/03/2021 11:19,02/03/2021 11:22,11592.375,11593.625,100.0,100.0,trip,
-8.99632e+18,02/03/2021 11:22,02/03/2021 15:01,11593.625,11678.8125,100.0,81.9,trip,
-8.99632e+18,02/03/2021 15:01,02/03/2021 16:58,11678.8125,11770.79688,81.9,58.4,trip,
-8.99632e+18,02/03/2021 20:57,03/03/2021 18:53,11770.79688,11770.79688,58.8,100.0,charge,240.0
-8.99632e+18,03/03/2021 18:53,03/03/2021 19:57,11770.79688,11858.32813,100.0,82.3,trip,
-8.99632e+18,03/03/2021 19:57,03/03/2021 21:31,11858.32813,11859.17188,82.3,81.5,trip,
-8.99632e+18,03/03/2021 21:31,03/03/2021 21:58,11859.17188,11888.78125,81.5,74.1,trip,
-8.99632e+18,03/03/2021 22:11,03/03/2021 22:16,11888.78125,11890.4375,73.7,73.7,trip,
-8.99632e+18,03/03/2021 22:47,03/03/2021 23:24,11890.4375,11948.375,72.9,55.2,trip,
-8.99632e+18,03/03/2021 23:27,04/03/2021 11:41,11948.375,11948.375,55.2,100.0,charge,240.0
-8.99632e+18,04/03/2021 11:41,04/03/2021 12:57,11948.375,12040.60938,100.0,80.0,trip,
-8.99632e+18,04/03/2021 14:07,04/03/2021 14:31,12040.60938,12049.8125,79.6,78.0,trip,
-8.99632e+18,04/03/2021 16:29,04/03/2021 16:45,12049.8125,12052.78125,77.6,77.2,trip,
-8.99632e+18,04/03/2021 16:45,04/03/2021 22:06,12052.78125,12055.875,77.2,75.6,trip,
-8.99632e+18,04/03/2021 22:06,04/03/2021 23:16,12055.875,12142.45313,75.6,53.3,trip,
-8.99632e+18,04/03/2021 23:18,05/03/2021 17:52,12142.45313,12142.45313,53.3,100.0,charge,240.0
-8.99632e+18,05/03/2021 17:52,05/03/2021 17:56,12142.45313,12143.64063,100.0,100.0,trip,
-8.99632e+18,05/03/2021 18:01,05/03/2021 19:22,12143.64063,12229.60938,100.0,81.5,trip,
-8.99632e+18,05/03/2021 20:37,05/03/2021 20:58,12229.60938,12244.82813,81.5,78.0,trip,
-8.99632e+18,05/03/2021 22:46,05/03/2021 22:46,12244.82813,12244.82813,77.6,77.6,trip,
-8.99632e+18,05/03/2021 23:59,06/03/2021 08:38,12244.82813,12244.82813,,100.0,charge,240.0
-8.99632e+18,06/03/2021 08:38,06/03/2021 12:03,12244.82813,12341.8125,100.0,100.0,trip,
-8.99632e+18,06/03/2021 12:03,06/03/2021 12:51,12341.8125,12384.6875,100.0,88.6,trip,
-8.99632e+18,06/03/2021 17:32,06/03/2021 18:03,12384.6875,12414.70313,88.2,82.3,trip,
-8.99632e+18,06/03/2021 18:03,06/03/2021 19:23,12414.70313,12417.09375,82.3,81.1,trip,
-8.99632e+18,06/03/2021 19:23,06/03/2021 19:29,12417.09375,12419.78125,81.1,80.7,trip,
-8.99632e+18,06/03/2021 19:29,06/03/2021 19:32,12419.78125,12505.25,80.7,80.3,trip,
-8.99632e+18,06/03/2021 19:32,07/03/2021 14:11,12505.25,12505.25,80.3,78.4,charge,240.0
-8.99632e+18,07/03/2021 14:11,07/03/2021 15:34,12505.25,12598.125,78.4,54.1,trip,
-8.99632e+18,07/03/2021 15:35,07/03/2021 21:58,12598.125,12598.125,54.1,88.2,charge,
-8.99632e+18,07/03/2021 21:58,07/03/2021 22:35,12598.125,12655.64063,88.2,74.5,trip,
-8.99632e+18,08/03/2021 00:33,08/03/2021 01:07,12655.64063,12712.5,74.5,57.6,trip,
-8.99632e+18,08/03/2021 01:08,08/03/2021 20:30,12712.5,12712.51563,57.6,100.0,charge,240.0
-8.99632e+18,08/03/2021 20:30,08/03/2021 20:44,12712.51563,12721.01563,100.0,99.6,trip,
-8.99632e+18,08/03/2021 23:08,08/03/2021 23:23,12721.01563,12730.54688,99.2,96.4,trip,
-8.99632e+18,08/03/2021 23:23,09/03/2021 13:11,12730.54688,12809.23438,96.4,78.0,trip,
-8.99632e+18,09/03/2021 13:11,09/03/2021 13:41,12809.23438,12828.60938,78.0,73.7,trip,
-8.99632e+18,09/03/2021 13:41,09/03/2021 16:10,12828.60938,12837.78125,73.7,72.1,trip,
-8.99632e+18,09/03/2021 16:10,09/03/2021 17:35,12837.78125,12922.64063,72.1,50.9,trip,
-8.99632e+18,09/03/2021 22:22,10/03/2021 15:59,12922.64063,12922.64063,50.9,100.0,charge,240.0
-8.99632e+18,10/03/2021 15:59,10/03/2021 16:09,12922.64063,12924.64063,100.0,99.6,trip,
-8.99632e+18,10/03/2021 16:13,10/03/2021 17:28,12924.64063,13024.59375,99.6,75.2,trip,
-8.99632e+18,10/03/2021 18:16,10/03/2021 19:20,13024.59375,13047.07813,75.2,71.7,trip,
-8.99632e+18,10/03/2021 19:20,10/03/2021 22:30,13047.07813,13082.90625,71.7,64.3,trip,
-8.99632e+18,10/03/2021 22:30,10/03/2021 22:31,13082.90625,13082.98438,64.3,64.3,trip,
-8.99632e+18,10/03/2021 22:39,10/03/2021 23:31,13082.98438,13254.39063,63.9,32.1,trip,
-8.99632e+18,10/03/2021 23:31,11/03/2021 22:12,13254.39063,13254.39063,32.1,80.3,charge,240.0
-8.99632e+18,11/03/2021 22:12,11/03/2021 23:10,13254.39063,13340.32813,80.3,53.7,trip,
-8.99632e+18,11/03/2021 23:10,12/03/2021 13:32,13340.32813,13340.32813,53.7,100.0,charge,240.0
-8.99632e+18,12/03/2021 13:32,12/03/2021 14:28,13340.32813,13425.0,100.0,79.6,trip,
-8.99632e+18,12/03/2021 14:37,12/03/2021 15:00,13425.0,13433.84375,79.2,78.4,trip,
-8.99632e+18,12/03/2021 15:00,12/03/2021 15:04,13433.84375,13434.0625,78.4,78.4,trip,
-8.99632e+18,12/03/2021 15:04,12/03/2021 17:28,13434.0625,13442.98438,78.4,76.0,trip,
-8.99632e+18,12/03/2021 17:28,12/03/2021 17:43,13442.98438,13446.98438,76.0,75.6,trip,
-8.99632e+18,12/03/2021 22:20,13/03/2021 06:38,13446.98438,13446.98438,,100.0,charge,240.0
-8.99632e+18,13/03/2021 06:38,13/03/2021 12:26,13446.98438,13532.29688,100.0,100.0,trip,
-8.99632e+18,13/03/2021 12:26,13/03/2021 13:54,13532.29688,13586.17188,100.0,83.9,trip,
-8.99632e+18,13/03/2021 14:02,13/03/2021 14:57,13586.17188,13659.5625,83.5,71.3,trip,
-8.99632e+18,13/03/2021 16:20,13/03/2021 18:10,13659.5625,13782.09375,71.3,34.5,trip,
-8.99632e+18,13/03/2021 18:11,14/03/2021 12:12,13782.09375,13782.09375,34.5,100.0,charge,240.0
-8.99632e+18,14/03/2021 12:12,14/03/2021 13:01,13782.09375,13867.5625,100.0,79.2,trip,
-8.99632e+18,14/03/2021 15:19,15/03/2021 15:58,13867.5625,14039.28125,78.8,54.5,trip,
-8.99632e+18,15/03/2021 15:58,16/03/2021 16:12,14039.28125,14039.28125,54.5,81.5,charge,240.0
-8.99632e+18,16/03/2021 16:12,16/03/2021 18:06,14039.28125,14131.84375,81.5,57.2,trip,
-8.99632e+18,16/03/2021 22:48,17/03/2021 18:18,14131.84375,14131.84375,57.6,100.0,charge,240.0
-8.99632e+18,17/03/2021 18:18,17/03/2021 19:20,14131.84375,14217.35938,100.0,81.9,trip,
-8.99632e+18,17/03/2021 20:34,17/03/2021 22:12,14217.35938,14301.03125,81.5,62.3,trip,
-8.99632e+18,17/03/2021 22:13,18/03/2021 05:14,14301.03125,14301.03125,62.3,100.0,charge,240.0
-8.99632e+18,18/03/2021 05:14,18/03/2021 21:13,14301.03125,14389.60938,100.0,81.9,trip,
-8.99632e+18,18/03/2021 21:13,18/03/2021 21:25,14389.60938,14393.3125,81.9,80.7,trip,
-8.99632e+18,18/03/2021 21:25,18/03/2021 23:00,14393.3125,14484.89063,80.7,57.2,trip,
-8.99632e+18,18/03/2021 23:00,19/03/2021 14:54,14484.89063,14484.89063,57.2,100.0,charge,240.0
-8.99632e+18,19/03/2021 14:54,19/03/2021 14:59,14484.89063,14486.5,100.0,100.0,trip,
-8.99632e+18,19/03/2021 15:02,19/03/2021 17:40,14486.51563,14654.67188,100.0,48.2,trip,
-8.99632e+18,19/03/2021 17:44,19/03/2021 18:18,14654.67188,14718.48438,49.0,36.0,trip,
-8.99632e+18,19/03/2021 18:20,19/03/2021 19:14,14718.48438,14718.48438,36.0,85.4,charge,DC Charging
-8.99632e+18,19/03/2021 19:14,19/03/2021 21:00,14718.48438,14921.125,85.4,8.2,trip,
-8.99632e+18,19/03/2021 21:02,19/03/2021 22:43,14921.125,14921.125,,98.4,charge,
-8.99632e+18,19/03/2021 22:43,20/03/2021 00:54,14921.125,15163.375,98.4,11.7,trip,
-8.99632e+18,20/03/2021 00:58,20/03/2021 00:58,15163.375,15163.375,11.7,11.7,trip,
-8.99632e+18,21/03/2021 13:15,21/03/2021 13:21,15163.375,15165.34375,13.3,13.3,trip,
-8.99632e+18,21/03/2021 13:22,21/03/2021 13:35,15165.34375,15165.34375,13.3,15.2,charge,
-8.99632e+18,21/03/2021 13:35,21/03/2021 13:36,15165.34375,15165.35938,15.2,15.2,trip,
-8.99632e+18,21/03/2021 13:38,21/03/2021 16:51,15165.35938,15165.35938,15.2,100.0,charge,
-8.99632e+18,21/03/2021 16:51,21/03/2021 17:43,15165.35938,15241.98438,100.0,79.2,trip,
-8.99632e+18,21/03/2021 17:45,21/03/2021 18:04,15241.98438,15241.98438,79.2,88.6,charge,DC Charging
-8.99632e+18,21/03/2021 18:04,21/03/2021 19:24,15241.98438,15406.34375,88.6,36.0,trip,
-8.99632e+18,21/03/2021 19:26,21/03/2021 20:31,15406.34375,15406.34375,36.0,90.9,charge,DC Charging
-8.99632e+18,21/03/2021 20:31,21/03/2021 21:20,15406.34375,15499.84375,90.9,60.7,trip,
-8.99632e+18,21/03/2021 21:20,21/03/2021 21:46,15499.84375,15499.84375,60.7,63.9,charge,240
-8.99632e+18,21/03/2021 21:46,21/03/2021 23:23,15499.84375,15676.39063,63.9,10.5,trip,
-8.99632e+18,21/03/2021 23:35,21/03/2021 23:36,15676.40625,15676.8125,10.1,10.5,trip,
-8.99632e+18,21/03/2021 23:36,22/03/2021 00:37,15676.8125,15676.8125,10.5,74.1,charge,DC Charging
-8.99632e+18,22/03/2021 00:37,22/03/2021 02:27,15676.8125,15881.70313,74.1,9.4,trip,
-8.99632e+18,22/03/2021 02:27,23/03/2021 13:31,15881.70313,15881.70313,9.4,100.0,charge,240
-8.99632e+18,23/03/2021 13:31,23/03/2021 15:14,15881.70313,15980.39063,100.0,77.6,trip,
-8.99632e+18,23/03/2021 16:19,23/03/2021 17:39,15980.39063,16071.07813,77.2,56.8,trip,
-8.99632e+18,23/03/2021 17:39,24/03/2021 14:21,16071.07813,16073.95313,56.8,55.2,trip,
-8.99632e+18,24/03/2021 14:21,24/03/2021 14:34,16073.95313,16080.71875,55.2,54.5,trip,
-8.99632e+18,24/03/2021 14:34,24/03/2021 14:38,16080.71875,16082.05134,54.5,54.1,trip,
-8.99632e+18,24/03/2021 14:38,24/03/2021 16:26,16082.05134,16082.05134,54.1,69.4,charge,240
-8.99632e+18,24/03/2021 16:26,24/03/2021 16:39,16082.05134,16087.0,69.4,67.4,trip,
-8.99632e+18,24/03/2021 16:39,24/03/2021 18:21,16087.0,16087.0,67.4,76.4,charge,240
-8.99632e+18,24/03/2021 18:21,24/03/2021 19:28,16087.0,16173.40625,76.4,57.2,trip,
-8.99632e+18,24/03/2021 20:36,24/03/2021 21:25,16173.40625,16200.29688,56.8,50.9,trip,
-8.99632e+18,24/03/2021 22:58,24/03/2021 23:37,16200.29688,16260.78125,50.1,31.7,trip,
-8.99632e+18,24/03/2021 23:37,25/03/2021 18:03,16260.78125,16260.78125,31.7,100.0,charge,240.0
-8.99632e+18,25/03/2021 18:03,25/03/2021 19:12,16260.78125,16347.01563,100.0,81.1,trip,
-8.99632e+18,25/03/2021 19:25,25/03/2021 19:51,16347.03125,16354.53125,81.1,80.3,trip,
-8.99632e+18,25/03/2021 21:05,25/03/2021 22:38,16354.53125,16441.34375,80.3,60.7,trip,
-8.99632e+18,25/03/2021 22:39,26/03/2021 00:24,16441.34375,16441.34375,60.7,69.4,charge,240.0
-8.99632e+18,26/03/2021 00:24,26/03/2021 00:29,16441.34375,16443.01563,69.4,68.6,trip,
-8.99632e+18,26/03/2021 00:43,26/03/2021 00:47,16443.01563,16444.75,68.6,68.6,trip,
-8.99632e+18,26/03/2021 00:48,28/03/2021 12:04,16444.75,16444.75,,100.0,charge,240.0
-8.99632e+18,28/03/2021 12:04,28/03/2021 12:57,16444.75,16530.1875,100.0,80.3,trip,
-8.99632e+18,28/03/2021 15:22,28/03/2021 16:41,16530.1875,16615.40625,80.0,59.6,trip,
-8.99632e+18,29/03/2021 15:16,29/03/2021 15:38,16615.40625,16630.23438,59.6,55.6,trip,
-8.99632e+18,29/03/2021 15:49,29/03/2021 16:04,16630.23438,16645.625,55.2,51.3,trip,
-8.99632e+18,29/03/2021 16:04,30/03/2021 17:47,16645.625,16652.125,51.3,50.1,trip,
-8.99632e+18,30/03/2021 17:47,31/03/2021 00:10,16652.125,16652.125,50.1,66.2,charge,240.0
-8.99632e+18,31/03/2021 00:10,31/03/2021 00:21,16652.125,16658.625,66.2,65.4,trip,
-8.99632e+18,31/03/2021 00:21,31/03/2021 00:25,16658.625,16673.48438,65.4,64.7,trip,
-8.99632e+18,31/03/2021 00:25,31/03/2021 13:28,16673.48438,16673.48438,64.7,95.6,charge,240.0
-8.99632e+18,31/03/2021 13:28,31/03/2021 13:28,16673.48438,16673.48438,95.6,95.6,trip,
-8.99632e+18,31/03/2021 13:31,31/03/2021 13:31,16673.5,16673.51563,95.2,95.2,trip,
-8.99632e+18,31/03/2021 13:37,31/03/2021 13:38,16673.51563,16673.6875,95.2,95.2,trip,
-8.99632e+18,31/03/2021 13:38,31/03/2021 14:24,16673.6875,16673.79688,95.2,95.2,trip,
-8.99632e+18,31/03/2021 14:24,31/03/2021 14:25,16673.79688,16673.90625,95.2,95.2,trip,
-8.99632e+18,31/03/2021 14:26,31/03/2021 14:27,16673.90625,16673.90625,95.2,95.2,charge,
-8.99632e+18,31/03/2021 14:27,31/03/2021 14:28,16673.90625,16674.10938,95.2,95.2,trip,
-8.99632e+18,31/03/2021 14:28,31/03/2021 15:54,16674.10938,16674.20313,95.2,94.9,trip,
-8.99632e+18,31/03/2021 15:54,31/03/2021 16:08,16674.20313,16689.8125,94.9,90.1,trip,
-8.99632e+18,31/03/2021 16:08,31/03/2021 17:46,16689.8125,16689.84375,90.1,89.8,trip,
-8.99632e+18,31/03/2021 17:46,31/03/2021 19:04,16689.84375,16779.6875,89.8,72.9,trip,
-8.99632e+18,31/03/2021 20:06,31/03/2021 20:27,16779.6875,16785.15625,72.1,71.3,trip,
-8.99632e+18,31/03/2021 21:47,31/03/2021 22:05,16785.15625,16790.8125,71.3,70.1,trip,
-8.99632e+18,31/03/2021 22:08,31/03/2021 23:34,16790.8125,16881.03125,69.8,44.3,trip,
-8.99632e+18,31/03/2021 23:35,01/04/2021 10:32,16881.03125,16881.03125,44.3,100.0,charge,240.0
-8.99632e+18,01/04/2021 10:32,01/04/2021 12:01,16881.03125,16967.8125,100.0,82.3,trip,
-8.99632e+18,01/04/2021 12:01,01/04/2021 13:25,16967.8125,16975.625,82.3,80.0,trip,
-8.99632e+18,01/04/2021 13:25,01/04/2021 14:44,16975.625,17066.9375,80.0,59.2,trip,
-8.99632e+18,01/04/2021 14:45,01/04/2021 18:37,17066.9375,17066.9375,59.2,79.6,charge,240.0
-8.99632e+18,01/04/2021 18:37,01/04/2021 18:37,17066.9375,17066.9375,79.6,79.6,trip,
-8.99632e+18,01/04/2021 18:37,01/04/2021 18:38,17066.9375,17066.9375,79.6,79.6,charge,
-8.99632e+18,01/04/2021 18:38,01/04/2021 19:48,17066.9375,17152.48438,79.6,63.5,trip,
-8.99632e+18,01/04/2021 22:28,01/04/2021 23:36,17152.48438,17241.0625,63.9,41.9,trip,
-8.99632e+18,01/04/2021 23:40,02/04/2021 14:07,17241.0625,17241.0625,41.9,100.0,charge,240.0
-8.99632e+18,02/04/2021 14:07,02/04/2021 14:26,17241.0625,17259.32813,100.0,96.0,trip,
-8.99632e+18,02/04/2021 15:51,02/04/2021 17:37,17259.32813,17342.0625,95.6,77.6,trip,
-8.99632e+18,02/04/2021 17:37,02/04/2021 18:55,17342.0625,17342.14063,77.6,77.2,trip,
-8.99632e+18,02/04/2021 18:55,02/04/2021 19:36,17342.14063,17357.57813,77.2,74.9,trip,
-8.99632e+18,02/04/2021 21:46,02/04/2021 22:51,17357.59375,17443.26563,74.5,51.3,trip,
-8.99632e+18,02/04/2021 23:34,03/04/2021 08:36,17443.26563,17443.26563,51.3,100.0,charge,240.0
-8.99632e+18,03/04/2021 08:36,03/04/2021 16:03,17443.26563,17564.82813,100.0,71.7,trip,
-8.99632e+18,03/04/2021 16:03,03/04/2021 16:09,17564.82813,17566.54688,71.7,71.3,trip,
-8.99632e+18,05/04/2021 13:26,05/04/2021 13:32,17566.54688,17568.60938,70.5,70.5,trip,
-8.99632e+18,05/04/2021 13:40,05/04/2021 13:48,17568.60938,17572.51563,70.1,69.4,trip,
-8.99632e+18,05/04/2021 13:48,05/04/2021 17:44,17572.51563,17578.92188,69.4,67.8,trip,
-8.99632e+18,05/04/2021 17:44,05/04/2021 19:09,17578.92188,17694.46875,67.8,30.5,trip,
-8.99632e+18,05/04/2021 19:10,05/04/2021 22:58,17694.46875,17694.46875,30.5,50.9,charge,240.0
-8.99632e+18,05/04/2021 22:58,05/04/2021 23:05,17694.46875,17697.17188,50.9,50.9,trip,
-8.99632e+18,05/04/2021 23:24,05/04/2021 23:30,17697.17188,17699.84375,50.9,50.5,trip,
-8.99632e+18,05/04/2021 23:30,07/04/2021 15:17,17699.84375,17699.85938,50.5,100.0,charge,240.0
-8.99632e+18,07/04/2021 15:17,07/04/2021 15:24,17699.85938,17706.25,100.0,99.2,trip,
-8.99632e+18,07/04/2021 16:20,07/04/2021 16:29,17706.25,17713.23438,98.4,96.0,trip,
-8.99632e+18,07/04/2021 16:56,07/04/2021 18:08,17713.25,17803.125,95.2,75.2,trip,
-8.99632e+18,07/04/2021 19:04,07/04/2021 19:25,17803.125,17809.0625,74.9,74.1,trip,
-8.99632e+18,07/04/2021 20:45,07/04/2021 20:58,17809.0625,17813.51563,73.7,72.9,trip,
-8.99632e+18,07/04/2021 21:04,07/04/2021 22:26,17813.51563,17895.4375,72.1,49.8,trip,
-8.99632e+18,07/04/2021 22:57,07/04/2021 23:07,17895.4375,17902.92188,49.4,48.2,trip,
-8.99632e+18,07/04/2021 23:08,08/04/2021 08:52,17902.92188,17902.92188,48.2,100.0,charge,240
-8.99632e+18,08/04/2021 08:52,08/04/2021 13:31,17902.92188,17994.53125,100.0,81.1,trip,
-8.99632e+18,08/04/2021 13:31,08/04/2021 13:51,17994.53125,18000.26563,81.1,80.7,trip,
-8.99632e+18,08/04/2021 13:51,08/04/2021 14:38,18000.26563,18005.70313,80.7,79.2,trip,
-8.99632e+18,08/04/2021 14:38,08/04/2021 14:48,18005.70313,18007.625,79.2,78.4,trip,
-8.99632e+18,08/04/2021 17:21,08/04/2021 17:28,18007.625,18010.9375,78.4,77.2,trip,
-8.99632e+18,08/04/2021 17:56,08/04/2021 18:04,18010.9375,18012.34375,77.2,76.8,trip,
-8.99632e+18,08/04/2021 18:04,08/04/2021 22:02,18012.34375,18014.64063,76.8,74.9,trip,
-8.99632e+18,08/04/2021 22:02,08/04/2021 22:04,18014.64063,18015.39063,74.9,74.9,trip,
-8.99632e+18,08/04/2021 22:09,08/04/2021 23:16,18015.39063,18100.57813,74.9,51.7,trip,
-8.99632e+18,08/04/2021 23:20,09/04/2021 17:14,18100.57813,18100.57813,52.1,100.0,charge,240
-8.99632e+18,09/04/2021 17:14,09/04/2021 18:44,18100.57813,18189.89063,100.0,81.9,trip,
-8.99632e+18,09/04/2021 19:41,09/04/2021 20:02,18189.89063,18195.46875,81.5,80.7,trip,
-8.99632e+18,09/04/2021 21:21,09/04/2021 21:28,18195.46875,18197.625,80.3,80.3,trip,
-8.99632e+18,09/04/2021 21:55,09/04/2021 21:58,18197.625,18198.625,80.0,80.0,trip,
-8.99632e+18,09/04/2021 22:31,09/04/2021 23:27,18198.625,18281.17188,79.6,58.8,trip,
-8.99632e+18,10/04/2021 11:48,10/04/2021 13:05,18281.17188,18281.17188,58.8,65.4,charge,240
-8.99632e+18,10/04/2021 13:05,10/04/2021 13:11,18281.17188,18286.5,65.4,64.3,trip,
-8.99632e+18,10/04/2021 13:11,10/04/2021 14:44,18286.5,18288.14063,64.3,64.7,trip,
-8.99632e+18,10/04/2021 14:44,10/04/2021 14:57,18288.14063,18295.01563,64.7,62.7,trip,
-8.99632e+18,10/04/2021 14:57,10/04/2021 16:27,18295.01563,18295.01563,62.7,70.1,charge,240
-8.99632e+18,10/04/2021 16:27,10/04/2021 16:27,18295.01563,18295.04688,70.1,70.1,trip,
-8.99632e+18,10/04/2021 16:29,10/04/2021 16:37,18295.0625,18297.84375,70.1,68.6,trip,
-8.99632e+18,10/04/2021 16:38,10/04/2021 18:22,18297.84375,18297.84375,68.6,80.3,charge,240
-8.99632e+18,10/04/2021 18:22,10/04/2021 18:26,18297.84375,18300.70313,80.3,80.3,trip,
-8.99632e+18,10/04/2021 18:26,10/04/2021 19:50,18300.70313,18393.96875,80.3,60.7,trip,
-8.99632e+18,10/04/2021 19:51,10/04/2021 20:50,18393.96875,18393.98438,60.7,97.6,charge,DC Charging
-8.99632e+18,10/04/2021 20:50,10/04/2021 21:29,18393.98438,18407.17188,97.6,95.2,trip,
-8.99632e+18,10/04/2021 21:30,10/04/2021 21:51,18407.17188,18414.5,95.2,93.7,trip,
-8.99632e+18,10/04/2021 22:26,10/04/2021 22:43,18414.5,18419.96875,93.3,92.1,trip,
-8.99632e+18,11/04/2021 00:15,11/04/2021 00:16,18419.96875,18420.10938,90.5,90.5,trip,
-8.99632e+18,11/04/2021 00:16,11/04/2021 15:17,18420.10938,18429.75,90.5,89.0,trip,
-8.99632e+18,11/04/2021 15:17,11/04/2021 15:39,18429.75,18435.3125,89.0,87.8,trip,
-8.99632e+18,11/04/2021 15:39,11/04/2021 18:31,18435.3125,18440.76563,87.8,86.2,trip,
-8.99632e+18,11/04/2021 18:31,11/04/2021 20:27,18440.76563,18546.6875,86.2,57.6,trip,
-8.99632e+18,11/04/2021 21:15,11/04/2021 21:17,18546.6875,18547.54688,57.2,57.2,trip,
-8.99632e+18,12/04/2021 13:09,12/04/2021 14:29,18547.54688,18547.54688,56.4,56.4,trip,
-8.99632e+18,12/04/2021 15:01,12/04/2021 16:06,18547.54688,18643.46875,56.0,32.9,trip,
-8.99632e+18,12/04/2021 16:19,12/04/2021 16:40,18643.46875,18653.9375,32.9,30.9,trip,
-8.99632e+18,12/04/2021 16:40,12/04/2021 17:55,18653.9375,18653.9375,30.9,39.2,charge,240
-8.99632e+18,12/04/2021 17:55,12/04/2021 18:13,18653.9375,18661.0,39.2,38.4,trip,
-8.99632e+18,12/04/2021 18:25,12/04/2021 18:48,18661.0,18662.10938,38.4,38.0,trip,
-8.99632e+18,12/04/2021 18:48,12/04/2021 19:25,18662.10938,18664.90625,38.0,37.2,trip,
-8.99632e+18,12/04/2021 19:25,12/04/2021 19:42,18664.90625,18664.90625,37.2,37.2,trip,
-8.99632e+18,12/04/2021 19:43,12/04/2021 19:51,18664.90625,18667.42188,37.2,36.4,trip,
-8.99632e+18,12/04/2021 19:57,12/04/2021 20:15,18667.42188,18672.8125,36.0,35.2,trip,
-8.99632e+18,12/04/2021 20:15,12/04/2021 20:43,18672.8125,18672.8125,35.2,35.2,charge,DC Charging
-8.99632e+18,12/04/2021 20:43,12/04/2021 20:45,18672.8125,18673.5,35.2,35.2,trip,
-8.99632e+18,12/04/2021 20:46,12/04/2021 22:31,18673.5,18673.5,35.2,87.4,charge,DC Charging
-8.99632e+18,12/04/2021 22:31,12/04/2021 23:33,18673.5,18772.25,87.4,61.9,trip,
-8.99632e+18,13/04/2021 12:37,13/04/2021 12:53,18772.25,18787.79688,63.1,59.6,trip,
-8.99632e+18,13/04/2021 14:15,13/04/2021 14:16,18787.79688,18787.90625,58.4,58.4,trip,
-8.99632e+18,13/04/2021 14:26,13/04/2021 14:41,18787.90625,18802.39063,58.0,54.9,trip,
-8.99632e+18,13/04/2021 19:19,13/04/2021 19:21,18802.39063,18803.28125,54.5,54.5,trip,
-8.99632e+18,13/04/2021 19:30,13/04/2021 19:34,18803.28125,18804.14063,54.1,54.1,trip,
-8.99632e+18,13/04/2021 19:54,13/04/2021 20:15,18804.14063,18819.64063,54.1,50.1,trip,
-8.99632e+18,13/04/2021 21:41,13/04/2021 21:53,18819.64063,18824.75,49.4,48.6,trip,
-8.99632e+18,13/04/2021 21:53,13/04/2021 23:25,18824.75,18824.75,48.6,96.4,charge,DC Charging
-8.99632e+18,13/04/2021 23:25,13/04/2021 23:41,18824.75,18837.60938,96.4,93.7,trip,
-8.99632e+18,13/04/2021 23:41,14/04/2021 13:02,18837.60938,18853.1875,93.7,89.8,trip,
-8.99632e+18,14/04/2021 13:02,14/04/2021 13:02,18853.1875,18853.28125,89.8,89.8,trip,
-8.99632e+18,14/04/2021 13:08,14/04/2021 13:16,18853.28125,18858.79688,89.8,88.2,trip,
-8.99632e+18,14/04/2021 13:39,14/04/2021 13:46,18858.79688,18863.46875,88.2,87.4,trip,
-8.99632e+18,14/04/2021 13:49,14/04/2021 14:13,18863.46875,18863.46875,87.4,95.6,charge,DC Charging
-8.99632e+18,14/04/2021 14:13,14/04/2021 15:16,18863.46875,18948.75,95.6,77.6,trip,
-8.99632e+18,14/04/2021 15:39,14/04/2021 15:46,18948.75,18951.375,77.2,76.8,trip,
-8.99632e+18,14/04/2021 15:51,14/04/2021 15:52,18951.375,18951.5625,76.4,76.4,trip,
-8.99632e+18,14/04/2021 15:52,14/04/2021 17:30,18951.5625,18957.04688,76.4,74.1,trip,
-8.99632e+18,14/04/2021 17:30,14/04/2021 17:39,18957.04688,18958.60938,74.1,74.1,trip,
-8.99632e+18,14/04/2021 17:39,14/04/2021 20:42,18958.60938,18964.10938,74.1,72.9,trip,
-8.99632e+18,14/04/2021 20:42,14/04/2021 21:48,18964.10938,19013.8125,72.9,62.3,trip,
-8.99632e+18,14/04/2021 22:11,14/04/2021 22:34,19013.8125,19034.26563,61.9,56.0,trip,
-8.99632e+18,15/04/2021 09:10,15/04/2021 09:13,19034.26563,19035.78125,54.5,54.1,trip,
-8.99632e+18,15/04/2021 09:17,15/04/2021 09:29,19035.78125,19054.82813,53.7,45.8,trip,
-8.99632e+18,15/04/2021 10:43,15/04/2021 12:18,19054.82813,19150.54688,45.8,26.2,trip,
-8.99632e+18,15/04/2021 13:21,15/04/2021 13:39,19150.54688,19158.32813,25.8,25.0,trip,
-8.99632e+18,15/04/2021 13:46,15/04/2021 13:52,19158.32813,19160.51563,24.7,24.3,trip,
-8.99632e+18,15/04/2021 13:53,15/04/2021 13:53,19160.51563,19160.51563,24.3,24.3,trip,
-8.99632e+18,15/04/2021 13:54,15/04/2021 14:14,19160.51563,19160.51563,24.3,53.3,charge,DC Charging
-8.99632e+18,15/04/2021 14:14,15/04/2021 14:23,19160.51563,19162.59375,53.3,53.3,trip,
-8.99632e+18,15/04/2021 14:25,15/04/2021 17:10,19162.59375,19162.60938,53.3,78.4,charge,240
-8.99632e+18,15/04/2021 17:10,15/04/2021 17:28,19162.60938,19168.89063,78.4,75.2,trip,
-8.99632e+18,15/04/2021 18:56,15/04/2021 19:18,19168.89063,19175.76563,72.1,70.9,trip,
-8.99632e+18,15/04/2021 19:21,15/04/2021 21:20,19175.76563,19175.76563,70.1,90.1,charge,240
-8.99632e+18,15/04/2021 21:20,15/04/2021 22:59,19175.76563,19242.625,90.1,74.9,trip,
-8.99632e+18,15/04/2021 22:59,15/04/2021 23:06,19242.625,19245.01563,74.9,74.5,trip,
-8.99632e+18,16/04/2021 10:56,16/04/2021 10:57,19245.01563,19245.40625,73.7,73.7,trip,
-8.99632e+18,16/04/2021 10:57,16/04/2021 11:02,19245.40625,19245.59375,73.7,73.7,trip,
-8.99632e+18,16/04/2021 11:02,16/04/2021 11:03,19245.59375,19245.96875,73.7,73.7,trip,
-8.99632e+18,16/04/2021 11:20,16/04/2021 11:21,19245.96875,19246.21875,73.3,73.3,trip,
-8.99632e+18,16/04/2021 12:59,16/04/2021 13:15,19246.21875,19266.64063,73.3,68.2,trip,
-8.99632e+18,16/04/2021 13:21,16/04/2021 13:22,19266.64063,19266.78125,68.2,68.2,trip,
-8.99632e+18,16/04/2021 14:45,16/04/2021 15:08,19266.78125,19288.10938,68.2,63.1,trip,
-8.99632e+18,16/04/2021 15:08,16/04/2021 16:16,19288.10938,19288.15625,63.1,62.3,trip,
-8.99632e+18,16/04/2021 16:16,16/04/2021 17:27,19288.15625,19350.93197,62.3,46.6,trip,
-8.99632e+18,16/04/2021 17:27,16/04/2021 17:51,19350.93197,19350.93197,46.6,69.4,charge,DC Charging
-8.99632e+18,16/04/2021 17:51,16/04/2021 18:10,19350.93197,19367.96875,69.4,68.2,trip,
-8.99632e+18,16/04/2021 19:37,16/04/2021 19:59,19367.96875,19373.53125,68.6,67.8,trip,
-8.99632e+18,16/04/2021 21:21,16/04/2021 22:29,19373.53125,19438.28125,67.0,53.7,trip,
-8.99632e+18,16/04/2021 22:50,16/04/2021 22:59,19438.28125,19442.375,53.3,52.1,trip,
-8.99632e+18,17/04/2021 09:03,17/04/2021 09:08,19442.375,19442.375,50.5,50.5,trip,
-8.99632e+18,17/04/2021 13:00,17/04/2021 13:18,19442.375,19463.03125,50.5,43.9,trip,
-8.99632e+18,17/04/2021 14:48,17/04/2021 15:03,19463.03125,19466.60938,44.3,43.9,trip,
-8.99632e+18,17/04/2021 15:31,17/04/2021 16:13,19466.60938,19466.60938,43.1,48.2,charge,240
-8.99632e+18,17/04/2021 16:13,17/04/2021 16:13,19466.60938,19467.75,48.2,48.2,trip,
-8.99632e+18,17/04/2021 16:13,17/04/2021 16:14,19467.75,19467.78125,48.2,48.2,trip,
-8.99632e+18,17/04/2021 16:15,17/04/2021 16:49,19467.78125,19467.78125,48.2,74.9,charge,DC Charging
-8.99632e+18,17/04/2021 16:49,17/04/2021 17:17,19467.78125,19489.5,74.9,69.8,trip,
-8.99632e+18,17/04/2021 18:50,17/04/2021 19:16,19489.5,19514.84375,70.5,66.2,trip,
-8.99632e+18,17/04/2021 19:27,17/04/2021 19:34,19514.84375,19518.29688,65.4,65.0,trip,
-8.99632e+18,17/04/2021 21:31,17/04/2021 21:32,19518.29688,19518.3125,64.3,64.3,trip,
-8.99632e+18,17/04/2021 23:02,17/04/2021 23:38,19518.3125,19552.76563,64.3,57.2,trip,
-8.99632e+18,17/04/2021 23:38,18/04/2021 00:10,19552.76563,19552.76563,57.2,80.3,charge,DC Charging
-8.99632e+18,18/04/2021 00:10,18/04/2021 00:18,19552.76563,19553.89063,80.3,80.3,trip,
-8.99632e+18,18/04/2021 03:16,18/04/2021 03:20,19553.89063,19554.34375,80.0,80.0,trip,
-8.99632e+18,18/04/2021 03:22,18/04/2021 04:05,19554.34375,19593.9375,80.0,69.8,trip,
-8.99632e+18,18/04/2021 10:11,18/04/2021 10:24,19593.95313,19608.8125,69.8,64.7,trip,
-8.99632e+18,18/04/2021 11:43,18/04/2021 12:35,19608.8125,19698.25,64.7,40.0,trip,
-8.99632e+18,18/04/2021 14:25,18/04/2021 14:40,19698.25,19712.14903,40.3,39.2,trip,
-8.99632e+18,18/04/2021 14:40,18/04/2021 14:55,19712.14903,19712.14903,39.2,58.8,charge,DC Charging
-8.99632e+18,18/04/2021 14:55,18/04/2021 15:29,19712.14903,19742.55035,58.8,52.1,trip,
-8.99632e+18,18/04/2021 15:29,18/04/2021 16:04,19742.55035,19742.55035,52.1,80.3,charge,DC Charging
-8.99632e+18,18/04/2021 16:04,18/04/2021 16:54,19742.55035,19787.35938,80.3,65.4,trip,
-8.99632e+18,18/04/2021 17:27,18/04/2021 19:42,19787.35938,19966.34375,65.0,18.4,trip,
-8.99632e+18,20/04/2021 01:08,20/04/2021 01:14,19966.34375,19969.07813,18.4,18.4,trip,
-8.99632e+18,20/04/2021 01:16,20/04/2021 02:21,19969.07813,19969.07813,18.4,80.0,charge,
-8.99632e+18,20/04/2021 02:21,20/04/2021 02:28,19969.07813,19970.125,80.0,80.0,trip,
-8.99632e+18,20/04/2021 02:32,20/04/2021 02:41,19970.125,19973.59375,79.6,79.2,trip,
-8.99632e+18,20/04/2021 02:41,20/04/2021 14:17,19973.59375,20153.15625,79.2,26.2,trip,
-8.99632e+18,20/04/2021 14:17,20/04/2021 14:52,20153.15625,20164.73438,26.2,24.3,trip,
-8.99632e+18,20/04/2021 14:52,20/04/2021 16:05,20164.73438,20164.73438,24.3,78.4,charge,DC Charging
-8.99632e+18,20/04/2021 16:05,20/04/2021 17:20,20164.73438,20250.04688,78.4,62.3,trip,
-8.99632e+18,20/04/2021 18:34,20/04/2021 18:55,20250.04688,20255.26563,60.3,59.2,trip,
-8.99632e+18,20/04/2021 19:05,20/04/2021 21:22,20255.26563,20352.10938,58.8,37.2,trip,
-8.99632e+18,20/04/2021 21:32,20/04/2021 21:33,20352.125,20352.125,37.2,37.2,trip,
-8.99632e+18,21/04/2021 17:45,21/04/2021 18:00,20352.125,20366.32813,36.0,32.1,trip,
-8.99632e+18,21/04/2021 18:11,21/04/2021 18:31,20366.32813,20369.78125,32.5,31.7,trip,
-8.99632e+18,21/04/2021 18:32,21/04/2021 20:20,20369.78125,20369.78125,31.7,46.6,charge,240
-8.99632e+18,21/04/2021 20:20,21/04/2021 20:42,20369.78125,20388.46875,46.6,43.9,trip,
-8.99632e+18,21/04/2021 21:04,21/04/2021 21:15,20388.46875,20394.23438,43.9,42.7,trip,
-8.99632e+18,21/04/2021 21:18,21/04/2021 22:20,20394.23438,20394.23438,42.7,86.6,charge,
-8.99632e+18,21/04/2021 22:20,21/04/2021 22:21,20394.23438,20394.28125,86.6,86.6,trip,
-8.99632e+18,21/04/2021 22:21,21/04/2021 22:28,20394.28125,20397.65625,86.6,86.6,trip,
-8.99632e+18,22/04/2021 00:04,22/04/2021 00:17,20397.65625,20405.28125,85.8,83.9,trip,
-8.99632e+18,22/04/2021 00:17,22/04/2021 09:12,20405.28125,20415.875,83.9,80.7,trip,
-8.99632e+18,22/04/2021 09:12,22/04/2021 09:24,20415.875,20415.875,80.7,80.7,trip,
-8.99632e+18,22/04/2021 10:45,22/04/2021 11:08,20415.875,20428.96875,80.7,77.2,trip,
-8.99632e+18,22/04/2021 12:13,22/04/2021 12:36,20428.96875,20513.45313,76.8,74.9,trip,
-8.99632e+18,22/04/2021 12:36,22/04/2021 16:44,20513.45313,20513.45313,74.9,82.3,charge,DC Charging
-8.99632e+18,22/04/2021 16:44,22/04/2021 16:44,20513.45313,20513.45313,82.3,82.3,trip,
-8.99632e+18,22/04/2021 16:44,22/04/2021 16:59,20513.45313,20515.46875,82.3,81.9,trip,
-8.99632e+18,22/04/2021 16:59,22/04/2021 17:10,20515.46875,20519.03125,81.9,81.5,trip,
-8.99632e+18,22/04/2021 19:53,22/04/2021 20:10,20519.03125,20524.14063,81.1,80.7,trip,
-8.99632e+18,22/04/2021 22:17,22/04/2021 22:27,20524.14063,20527.25,80.3,79.6,trip,
-8.99632e+18,22/04/2021 22:49,22/04/2021 23:08,20527.25,20533.23438,79.6,78.0,trip,
-8.99632e+18,23/04/2021 11:36,23/04/2021 11:39,20533.23438,20534.04688,77.6,77.6,trip,
-8.99632e+18,23/04/2021 11:52,23/04/2021 11:59,20534.04688,20536.0,77.6,77.6,trip,
-8.99632e+18,23/04/2021 11:59,23/04/2021 19:56,20536.0,20616.39063,77.6,58.4,trip,
-8.99632e+18,23/04/2021 19:56,23/04/2021 20:30,20616.39063,20639.39063,58.4,55.2,trip,
-8.99632e+18,23/04/2021 20:30,24/04/2021 14:43,20639.39063,20654.71875,55.2,50.1,trip,
