vin,event,charge_mode,duration_minutes,km_driven,charge
-2.47174e+18,charge,120,209.62571136997863,0.0,2.4605143334681685
-2.47174e+18,trip,0,118.92161191822784,70.08498662633683,-16.380234687601998
-2.47174e+18,trip,0,130.6874996221677,79.56340736534881,-16.84882081383617
-2.47174e+18,trip,0,67.1827702216667,8.961308224807368,-1.8626617638598049
-2.47174e+18,trip,0,78.20807323174533,4.396652536425236,-1.3641050632297578
-2.47174e+18,trip,0,131.1863315350511,13.67399734323183,-4.433341283890144
-2.47174e+18,trip,0,96.44111989224469,28.788276171531,-9.597009168291336
-2.47174e+18,trip,0,57.18407199439489,8.72421377420626,-1.0098372333733463
-2.47174e+18,trip,0,97.21625689204332,26.987673072363982,-10.509325711669746
-2.47174e+18,trip,0,92.76237623545954,37.45923222982829,-10.333486364923305
-2.47174e+18,trip,0,142.42918484146972,22.194690011199864,-6.666418557922427
-2.47174e+18,trip,0,88.6782097868291,29.289983608940904,-8.430788174829999
-2.47174e+18,trip,0,62.652762265042746,5.058325276692337,0.6707289085838539
-2.47174e+18,trip,0,75.37832666312333,5.151564710559093,-1.2474935317871427
-2.47174e+18,trip,0,115.83143641244956,54.12784814232501,-13.205197900804706
-2.47174e+18,trip,0,70.19465324025455,8.797691013699161,-0.571808200180655
-2.47174e+18,trip,0,278.6948867262499,112.01738660469302,-25.112651888562603
-2.47174e+18,trip,0,151.3515243257119,27.69855097684241,-6.329011818139577
-2.47174e+18,trip,0,75.50192370762309,11.098346133828702,-2.1306320935340324
-2.47174e+18,trip,0,88.24979746859239,19.067128915049345,-6.854183783796415
-2.47174e+18,trip,120,154.01725513368592,53.05556102570951,-15.060514895445294
-2.47174e+18,trip,120,161.6393827301001,59.34557858966977,-8.47377312241646
-2.47174e+18,trip,0,111.58834976141225,15.5777147284108,-3.5192651845748912
-2.47174e+18,trip,0,206.0531072277905,78.68874027092058,-17.01085319462767
-2.47174e+18,trip,0,75.73880198349826,11.503806909582936,-2.61438316132606
-2.47174e+18,trip,0,63.07922478123837,8.212240448961039,-1.457229429088855
-2.47174e+18,trip,0,77.95057466567984,3.607666694008029,-0.7885030619533353
-2.47174e+18,trip,0,116.24261792195108,76.0266692132244,-18.64520589447163
-2.47174e+18,trip,0,55.74705655405627,7.001486825852125,-0.5495363435024814
-2.47174e+18,trip,0,144.35555524988737,5.084980075589411,-0.7377824089868454
-2.47174e+18,trip,0,86.48590111688324,28.91245834602708,-7.331166109380916
-2.47174e+18,trip,0,101.48764968085152,46.26136683091522,-12.699095717058055
-2.47174e+18,trip,0,227.9196383319992,165.457234832351,-33.03612249447104
-2.47174e+18,trip,0,261.89310245646215,113.69429368184356,-21.003116528888683
-2.47174e+18,charge,240,504.5968880438269,0.0,33.928930535403794
-2.47174e+18,trip,0,159.64445184060983,81.94160380597671,-17.250031271149027
-2.47174e+18,trip,0,125.66410672871125,68.59363222919183,-14.806816519481089
-2.47174e+18,trip,0,113.00766961462216,55.921281933581206,-13.636849204220267
-2.47174e+18,charge,DC Charging,182.7579493664432,0.0,29.44651198381481
-2.47174e+18,trip,0,148.93803215271578,34.397109563295324,-9.411457918205755
-2.47174e+18,charge,240,183.07513227987096,0.0,15.07007341164416
-2.47174e+18,trip,0,143.3046119497421,82.82181265436228,-20.550635887626058
-2.47174e+18,trip,0,65.19184662881322,11.524988169593923,-1.9683407991061728
-2.47174e+18,trip,0,66.7282112847802,13.0824765979281,-2.5554036917550604
-2.47174e+18,trip,0,96.83333617607914,42.457425440825816,-10.494271733098898
-2.47174e+18,trip,0,113.765587141744,58.091189899188585,-13.35922509467629
-2.47174e+18,charge,240,148.19930657242858,0.0,3.527460441219077
-2.47174e+18,trip,0,76.6851304688984,5.559696442624247,-0.5463818243003828
-2.47174e+18,trip,0,195.69807134145188,66.40314060602863,-13.533500391701082
-2.47174e+18,trip,0,124.55169932003824,52.34235420105207,-12.553475290440318
-2.47174e+18,trip,0,113.54668785445698,43.90924199836399,-12.004250776361404
-2.47174e+18,trip,0,154.38504221171493,107.55603639667746,-23.729714897521525
-2.47174e+18,trip,0,149.35313593841624,85.6046339959277,-18.439728862290337
-2.47174e+18,trip,0,88.87689688202742,8.787140736271025,-0.8038423739193519
-2.47174e+18,trip,0,123.10297373139474,16.02692154112504,-3.6247381457025214
-2.47174e+18,trip,0,103.7298200035748,12.577703325414546,-1.695599060990574
-2.47174e+18,trip,0,80.24336615709188,8.687212382319151,-3.3233679569386823
-2.47174e+18,trip,0,57.87135454176088,7.253745198559439,-0.9597665064736134
-2.47174e+18,trip,0,64.51472685778347,6.811801849769857,-0.6807791373749552
-2.47174e+18,charge,0,293.04218763594525,0.0,11.617571033855754
-2.47174e+18,trip,0,68.5999532278723,8.85581794060948,-2.17105960846753
-2.47174e+18,charge,120,159.77500922495395,0.0,3.1650024861310726
-2.47174e+18,trip,0,68.6351856973124,11.58486947284372,-1.9147668121880344
-2.47174e+18,trip,0,91.88327057624336,26.99994217743249,-7.2801706909227875
-2.47174e+18,charge,240,582.2331988311114,0.0,23.628986772537274
-2.47174e+18,trip,0,416.89597118585857,161.46380542518784,-37.94785684279664
-2.47174e+18,trip,0,117.89373749688264,34.70130650694222,-9.449682025254376
-2.47174e+18,trip,0,143.82444957880068,83.79909058836112,-17.372507989047804
-2.47174e+18,trip,0,69.06044092329071,11.701134855972173,-2.339887151225369
-2.47174e+18,trip,0,62.79357311419012,4.622467000490961,0.999839844099867
-2.47174e+18,charge,240,139.27048286279395,0.0,5.543552236131745
-2.47174e+18,trip,0,93.19918290492546,29.23706408606123,-10.478816174194122
-2.47174e+18,charge,120,177.16413735144369,0.0,4.978127125949555
-2.47174e+18,trip,0,174.94114763949668,105.67931872885444,-22.88179387427049
-2.47174e+18,trip,0,327.9167096966741,134.83620800835678,-27.121811138763107
-2.47174e+18,trip,0,95.42333456285628,11.357514405020956,-0.8985096536930541
-2.47174e+18,trip,0,61.55795975503144,7.320228471697898,-0.5698954096426974
-2.47174e+18,trip,0,53.09362536942281,5.607002633760558,0.9372514354752042
-2.47174e+18,trip,0,123.34995243528508,77.58759913994193,-16.336288060794786
-2.47174e+18,charge,120,417.3960727372803,0.0,16.232500527740157
-2.47174e+18,charge,120,917.2070129664448,0.0,26.812271808035547
-2.47174e+18,trip,0,109.85099679039612,9.56163928283453,-0.4995078882168542
-2.47174e+18,charge,120,143.72587121514206,0.0,2.113918801570648
-2.47174e+18,trip,0,94.21227510614524,38.48685865106364,-9.792599926725316
-2.47174e+18,trip,0,125.87966187877662,73.46962246353517,-15.328025521316206
-2.47174e+18,trip,0,71.26225487818687,12.959392590001588,-3.1533092534202183
-2.47174e+18,trip,0,142.6902089216909,71.54986204652896,-15.259450395344828
-2.47174e+18,trip,0,137.64545889424946,21.260205024714832,-4.370684183892578
-2.47174e+18,trip,0,75.6506924697521,19.078833084034823,-5.314139055006322
-2.47174e+18,trip,0,141.99528587097785,108.0908041242524,-23.897369402988133
-2.47174e+18,trip,0,98.650188924503,22.21901877224488,-8.09844346083544
-2.47174e+18,charge,240,142.25051722536767,0.0,6.202820329612706
-2.47174e+18,trip,0,60.88950640063199,11.104671880717587,-2.243608266164159
-2.47174e+18,trip,0,127.96930553601844,54.57591547511668,-16.10798435700029
-2.47174e+18,charge,120,355.36482120889207,0.0,20.9214370500076
-2.47174e+18,trip,0,128.8509448042822,40.41327532178282,-15.94778022351855
-2.47174e+18,charge,120,155.32817959668154,0.0,4.312454882932656
-2.47174e+18,trip,0,107.7747410180992,37.18870086500681,-9.844900481268752
-2.47174e+18,trip,0,220.59237295006577,90.40290132317458,-18.23997434986765
-2.47174e+18,trip,0,217.05230329542368,23.054438181313,-5.377641587285865
-2.47174e+18,charge,240,230.21450999012367,0.0,12.280020066297638
-2.47174e+18,trip,0,131.6274062304965,49.709913464445386,-17.051492067631656
-2.47174e+18,trip,0,117.27523081569844,14.161125010131585,-3.0643856292121683
-2.47174e+18,trip,0,118.12913074911025,49.382919236141824,-12.034046980349116
-2.47174e+18,trip,0,59.01674421228582,8.89226784727268,-0.4757776608522732
-2.47174e+18,trip,0,124.48728783633216,76.01050512366507,-16.541051759488155
-2.47174e+18,trip,0,61.90737675045823,9.407894041544564,-0.8837568603726567
-2.47174e+18,trip,120,126.4832729792516,39.54602925848608,-5.034089611603434
-2.47174e+18,trip,0,133.00709522361552,90.60385715842354,-21.37133399139762
-2.47174e+18,charge,240,466.548677735246,0.0,20.14219154781142
-2.47174e+18,trip,0,173.58173885481662,120.24598425911933,-30.81146783954789
-2.47174e+18,trip,0,64.45059877553683,10.064224869189824,-2.7536945495395884
-2.47174e+18,trip,0,54.2411915631564,6.227504215813427,-0.4059132506508973
-2.47174e+18,trip,0,68.64460029379565,4.214244955514575,0.7222051666523583
-2.47174e+18,trip,0,81.43912193499209,13.240255175402686,-4.293115772021736
-2.47174e+18,charge,120,408.8414296426001,0.0,16.034806756504764
-2.47174e+18,trip,0,106.12686355586384,11.338756221202823,-1.5017414387346264
-2.47174e+18,trip,0,234.40130177525384,92.79351867142393,-18.8784078215498
-2.47174e+18,trip,0,71.78439939512543,9.480744855312745,-1.6695227590435309
-2.47174e+18,trip,0,55.21099702545821,5.2901148045341815,-0.313998909745365
-2.47174e+18,trip,0,154.39476854980362,22.290740674622647,-7.884765735519039
-2.47174e+18,trip,0,65.40453375610888,7.333304147925766,-0.5482787629830455
-2.47174e+18,trip,0,140.7529445611716,55.49215341043013,-15.141015900544218
-2.47174e+18,charge,0,373.4113500328623,0.0,17.101372419728776
-2.47174e+18,trip,0,113.50337277539307,43.77243523180838,-12.0834519293268
-2.47174e+18,trip,0,115.22725850905564,55.509047689484525,-14.125688717559411
-2.47174e+18,trip,0,85.07049787184306,5.311375808924239,-1.1824005300271525
-2.47174e+18,trip,0,91.41323791967032,8.052429350595894,-6.409068971290466
-2.47174e+18,trip,0,64.33168919117655,6.9693104492863975,-0.995142563522336
-2.47174e+18,trip,0,139.833114112231,8.655118632459445,-1.0747347289181448
-2.47174e+18,trip,0,95.99606624030848,34.94065493722154,-8.92488522017264
-2.47174e+18,trip,0,132.91646343688018,25.381594376235388,-6.657351296698295
-2.47174e+18,trip,0,291.7373619723572,116.9653504646348,-23.99921757320682
-2.47174e+18,trip,0,133.2843412033762,50.144952679403936,-12.712987226241196
-2.47174e+18,trip,0,86.79826620550021,11.042332913351489,-2.505406940180009
-2.47174e+18,charge,120,449.9072080030456,0.0,17.508469199304855
-2.47174e+18,trip,0,102.09712152350814,46.69939597970096,-11.112235175653822
-2.47174e+18,trip,0,58.59210113345993,7.053959588053895,-0.4615004231904862
-2.47174e+18,trip,0,54.7556559005436,5.364866512928677,0.5546193525586602
-2.47174e+18,charge,0,321.56647651425874,0.0,10.428893245404566
-2.47174e+18,charge,120,164.56673842938935,0.0,0.9817264574586346
-2.47174e+18,charge,120,407.6425734527334,0.0,17.291425596715854
-2.47174e+18,trip,0,116.44407101539372,34.82523503666632,-8.809393886503656
-2.47174e+18,charge,120,398.93901989519446,0.0,12.82485890041383
-2.47174e+18,trip,0,124.90175680276344,39.41509475271189,-10.433078287739493
-2.47174e+18,trip,0,118.23166539714292,58.36101029002803,-13.34073654745994
-2.47174e+18,trip,0,126.7766161619096,76.65988185714542,-16.313117932317027
-2.47174e+18,trip,0,83.10474599661883,21.536135948697243,-6.381270101068907
-2.47174e+18,trip,0,103.66673483869896,46.98016921296648,-12.942960658792586
-2.47174e+18,trip,0,61.74495370601244,5.76816073958898,0.9856101620039368
-2.47174e+18,charge,240,256.97003367965453,0.0,20.704795027752525
-2.47174e+18,trip,0,60.91607245344178,9.658617094760924,-0.919196324842531
-2.47174e+18,trip,0,134.53150033799326,84.04146738349368,-17.273523720684295
-2.47174e+18,trip,0,116.8730841447245,51.27735745007947,-12.43985975964695
-2.47174e+18,trip,0,195.59761119210245,67.77648100835961,-15.110110066686415
-2.47174e+18,trip,0,74.48798697005415,10.019839916421626,-1.3198678190756254
-2.47174e+18,trip,0,99.2986794800981,33.9039741662473,-9.460450718945978
-2.47174e+18,trip,0,62.84420561893727,5.1635023480278655,0.7113043741667013
-2.47174e+18,trip,0,57.86053427403869,6.244929803803054,-0.7047524265205851
-2.47174e+18,charge,120,125.36865503919483,0.0,1.2150604833308734
-2.47174e+18,trip,0,142.2159649194303,83.34889417672593,-15.7873118924487
-2.47174e+18,trip,0,99.85826132983136,46.72787337000876,-11.252666761640969
-2.47174e+18,trip,0,145.61398242653257,129.29746704346545,-26.37657843406097
-2.47174e+18,trip,0,142.63719017665508,120.93740453510536,-23.08652058530153
-2.47174e+18,trip,0,61.43894247811656,9.566711217498325,-1.210711943569649
-2.47174e+18,trip,0,84.43790047009449,12.997053073985564,-2.916746733021228
-2.47174e+18,charge,DC Charging,308.53517862171253,0.0,35.75110130063936
-2.47174e+18,trip,0,72.798953947876,6.004794498265235,-0.3080280442539447
-2.47174e+18,charge,DC Charging,155.93749273452084,0.0,33.75348220108776
-2.47174e+18,trip,0,133.07110994527838,102.39007638453327,-21.6512724718135
-2.47174e+18,trip,0,53.2903343224341,5.382187856760126,0.5825873092366152
-2.47174e+18,trip,0,57.29151515570542,5.785931726425289,0.7216133640549742
-2.47174e+18,trip,0,244.5260342995768,96.87653848652974,-22.1828168832957
-2.47174e+18,trip,0,71.47231770796792,8.172363455549258,-0.9398777120402428
-2.47174e+18,trip,0,103.83976843378694,25.78978375483963,-7.456644111880706
-2.47174e+18,charge,0,274.0270379677737,0.0,12.574801167213865
-2.47174e+18,trip,0,100.705416308508,33.00906929349776,-7.676715418829502
-2.47174e+18,trip,0,64.30656848581,9.744295224251085,-1.026973088938547
-2.47174e+18,trip,0,70.42523433570051,9.036384194984214,-0.6684094062993609
-2.47174e+18,trip,0,142.95073421534343,24.810605406602296,-6.59058328222963
-2.47174e+18,trip,0,155.6681706595667,105.23994449415672,-22.390576582638303
-2.47174e+18,trip,0,59.60281276242021,7.9660565803097665,-0.6878543487846969
-2.47174e+18,trip,0,65.69992876533338,10.143629133676273,-2.173241880545376
-2.47174e+18,trip,0,65.84927566643968,7.118399291381804,-1.2448621238095114
-2.47174e+18,charge,120,220.8023847675841,0.0,6.978187411215345
-2.47174e+18,trip,0,179.51163099256073,44.56657011113541,-12.53664062012558
-2.47174e+18,trip,0,70.857444233494,9.812597726085489,-2.191830822845205
-2.47174e+18,trip,0,78.36265172379328,12.527020488251354,-3.4459450699209526
-2.47174e+18,charge,120,350.3502704409707,0.0,14.08469038329642
-2.47174e+18,trip,0,100.50754540951291,4.909913301043348,-4.3485814136708
-2.47174e+18,charge,120,131.67067596532686,0.0,2.1545523906228823
-2.47174e+18,trip,0,135.70469169169124,87.57681433247485,-19.441946560952843
-2.47174e+18,trip,0,71.83701004205962,8.664009650337594,-1.951580104116104
-2.47174e+18,trip,0,56.494465555061325,6.281661217732119,0.7695599423462625
-2.47174e+18,trip,0,76.78297198876241,13.810264153871342,-2.3495990545645213
-2.47174e+18,trip,0,143.51632417601724,25.358316703753022,-6.324145298566478
-2.47174e+18,trip,0,67.09939918032272,5.092737378198897,0.5578848347477816
-2.47174e+18,trip,0,55.629972075094905,7.62799757921674,-0.4043386330257306
-2.47174e+18,trip,0,62.833589400265886,6.634192382462338,-1.133022000808282
-2.47174e+18,trip,0,61.27386112798102,5.771899598036443,0.8409989701728051
-2.47174e+18,charge,120,484.4691269179316,0.0,19.808171821108203
-2.47174e+18,trip,0,72.7306598641753,16.371407650938178,-3.8152140388305895
-2.47174e+18,trip,0,178.52354613612374,46.3604112712678,-12.372748288313744
-2.47174e+18,trip,0,97.74252206620244,17.093165378893172,-8.451828870747548
-2.47174e+18,trip,0,55.36214635984669,7.5497505690024145,-0.4651991894241121
-2.47174e+18,trip,0,109.35627986670411,60.12362624148959,-14.07703408973198
-2.47174e+18,trip,0,113.93070816808384,59.35663135276359,-14.837616674303646
-2.47174e+18,trip,0,74.61611276987608,17.322514056192606,-4.692244352340239
-2.47174e+18,charge,240,241.0907324964679,0.0,13.90514170241282
-2.47174e+18,trip,0,64.16412524425614,8.625261568316219,-0.7741571329186456
-2.47174e+18,trip,0,91.1410081457421,33.54160802156142,-8.393488759339789
-2.47174e+18,trip,0,129.85560297806842,78.60765080594155,-17.33253489396587
-2.47174e+18,trip,0,142.23196009780222,27.12798282694463,-7.984928325125551
-2.47174e+18,charge,240,563.2205884400166,0.0,32.33744653620752
-2.47174e+18,trip,0,156.18695403519607,55.066660462344,-17.098292028390517
-2.47174e+18,trip,0,97.987800361336,22.46721786782498,-8.50341080785131
-2.47174e+18,charge,120,366.1870614052383,0.0,14.636873910362226
-2.47174e+18,trip,0,119.91943444881188,72.73094739791016,-15.0730642808808
-2.47174e+18,trip,0,139.9037717641036,87.53183465957844,-18.26043909504311
-2.47174e+18,charge,120,532.2659393338399,0.0,20.47420337284494
-2.47174e+18,trip,0,123.38533227348408,11.79170525507931,-2.1054065078207174
-2.47174e+18,trip,0,110.90487612966136,7.874150703047167,-3.605050141436124
-2.47174e+18,trip,0,59.21147502311008,6.232925872814335,-0.6690540484143668
-2.47174e+18,trip,0,79.74835449588204,4.447409833701413,0.678580860902656
-2.47174e+18,charge,120,239.80910040832208,0.0,8.491764825627982
-2.47174e+18,trip,0,60.63559002901407,5.3081048482190125,0.7178194866896348
-2.47174e+18,trip,0,67.99133725762326,13.944521021848104,-2.6455373409166896
-2.47174e+18,trip,0,99.4295996183103,37.64112627615327,-9.57786541105645
-2.47174e+18,trip,0,122.71338741310409,47.291149232712336,-11.227684237708717
-2.47174e+18,trip,0,146.14871563630035,22.296276663926072,-4.891243259660911
-2.47174e+18,trip,0,115.2307386789778,37.6861751248966,-12.669431611864397
-2.47174e+18,trip,0,129.83336163152998,12.42008904057635,-2.3334830016894443
-2.47174e+18,charge,240,341.9697038587493,0.0,23.814337232455884
-2.47174e+18,trip,0,101.43350866603625,47.64869996983335,-12.906961095435918
-2.47174e+18,trip,0,72.66729129784001,16.834180615850332,-4.107221065071599
-2.47174e+18,trip,0,118.09055414244854,63.83163610433699,-14.227415356887576
-2.47174e+18,charge,120,400.2949031657189,0.0,19.741985041333407
-2.47174e+18,trip,0,127.64041247428575,51.20517245383772,-11.915586065789697
-2.47174e+18,trip,0,182.74570642339447,44.80177183370324,-10.48909346037182
-2.47174e+18,trip,0,72.64819570750159,5.267182530898497,0.6004153624826785
-2.47174e+18,trip,0,138.97135829036296,84.83967210848009,-18.19328006814405
-2.47174e+18,trip,0,108.69943463608412,50.89416937547623,-12.287158837667704
-2.47174e+18,trip,0,61.437202393155474,9.841463269756456,-1.7382933912301155
-2.47174e+18,trip,0,160.73636365573466,92.71709473300812,-24.819281602766907
-2.47174e+18,charge,240,368.3951668725345,0.0,34.535665580463785
-2.47174e+18,trip,0,79.15145434196708,5.682606069770029,0.7445879863175406
-2.47174e+18,trip,0,133.04609126443722,71.23270616089584,-14.963343022536264
-2.47174e+18,trip,0,176.03559873169826,51.44726101627486,-11.562274631202255
-2.47174e+18,charge,240,399.31515031219,0.0,25.216370425165977
-2.47174e+18,trip,0,63.67403910041171,6.571702092931139,-0.3600749691127873
-2.47174e+18,trip,0,76.41682863919829,14.62476267313001,-3.140495670396604
-2.47174e+18,trip,0,119.52736553373634,16.216424930609193,-3.4257445223336163
-2.47174e+18,trip,0,63.046848998509645,12.05836853712822,-2.440213543336512
-2.47174e+18,trip,0,55.55694518702121,7.842340862392453,-0.6501216492499822
-2.47174e+18,trip,0,53.25346946058752,5.359376160468693,0.7195843265782571
-2.47174e+18,charge,240,248.51848069986752,0.0,10.275817162850188
-2.47174e+18,trip,0,232.20255989217824,79.31634198503737,-15.91265779615442
-2.47174e+18,trip,0,142.26489134739148,43.11566436891478,-12.038316413373067
-2.47174e+18,charge,120,747.9413876507392,0.0,26.23822328857726
-2.47174e+18,trip,0,167.2479883012834,102.3120075982023,-22.57482798059036
-2.47174e+18,trip,0,130.46455336203962,48.36835552066305,-10.378674720394656
-2.47174e+18,trip,0,77.9260320992906,19.12777115261505,-4.326198594005618
-2.47174e+18,trip,0,70.43997687962163,13.44204976779533,-2.878284848143309
-2.47174e+18,trip,0,64.24494567246498,5.526575623593183,0.7054074839999487
-2.47174e+18,trip,0,107.17244490039612,6.96895784462233,0.7231140063554733
-2.47174e+18,trip,0,97.09719427089492,7.9633337421136705,0.895709006719855
-2.47174e+18,charge,240,328.9262763837382,0.0,26.08491471214533
-2.47174e+18,trip,0,135.89240548237927,74.6716450379119,-17.258427470499342
-2.47174e+18,trip,0,119.37846640693598,60.552758607743264,-17.05544974750164
-2.47174e+18,trip,0,68.03068471625471,4.847229415218392,0.5660485402205637
-2.47174e+18,charge,120,133.61741727065052,0.0,0.8753710763866849
-2.47174e+18,trip,0,99.13770745112474,31.181429967500065,-8.340554130584877
-2.47174e+18,trip,0,147.40249502901042,34.30034792589049,-8.602875915825194
-2.47174e+18,charge,120,821.8238760665984,0.0,22.56250565254146
-2.47174e+18,charge,120,538.5738210021536,0.0,21.610305841261063
-2.47174e+18,trip,0,154.7450300815796,107.62383641284616,-23.529273471369727
-2.47174e+18,trip,0,132.20199702152274,81.58557878059014,-17.113425266237797
-2.47174e+18,trip,0,78.44147700572752,10.948339270598373,-5.5110666532361705
-2.47174e+18,trip,0,73.29760448382531,13.825124470871703,-2.6441001060373424
-2.47174e+18,trip,0,103.63846270910322,11.16915241701068,-1.2707587713966433
-2.47174e+18,trip,0,200.77372346403283,124.4283713351966,-30.65563881812536
-2.47174e+18,trip,0,109.08433916226453,42.59963560964495,-11.70844987275504
-2.47174e+18,trip,0,57.484188471934,6.197879659377844,0.8779179411361326
-2.47174e+18,trip,0,137.9806321323238,89.10025863637695,-20.20699936871543
-2.47174e+18,trip,0,58.857217530755705,7.454405114907767,-0.4367345412805008
-2.47174e+18,trip,0,82.54895039038396,12.18895332056529,-4.836797420701984
-2.47174e+18,charge,240,230.23845174541887,0.0,20.628790665603347
-2.47174e+18,trip,0,148.89293731248648,32.16584838614018,-10.520712627717543
-2.47174e+18,charge,DC Charging,170.4129251120673,0.0,36.60142652194226
-2.47174e+18,trip,0,61.06059586170807,8.365956866981463,-0.8880262933966065
-2.47174e+18,trip,0,51.14234397271861,5.680942006341786,0.5749150112777244
-2.47174e+18,trip,0,75.37552098867468,15.053021694316556,-3.7626175829884687
-2.47174e+18,trip,0,122.46840385548836,6.820848513303536,0.8248617814906822
-2.47174e+18,trip,0,52.718152443813246,5.57387653046341,0.8041011350165377
-2.47174e+18,trip,0,89.03116363246995,32.73185861634767,-8.615150535769061
-2.47174e+18,trip,0,49.86830137565715,5.639063717248117,0.6694977478232289
-2.47174e+18,trip,0,78.52485938312988,21.92603215889863,-5.573945679207768
-2.47174e+18,trip,0,77.5197591030669,13.893172367158485,-2.900525001110907
-2.47174e+18,charge,120,913.1848887653192,0.0,24.53473007992335
-2.47174e+18,trip,0,316.6247032411267,125.17933664295448,-27.445379208880446
-2.47174e+18,trip,0,84.62480373260846,8.161718061331634,-1.5891274329798648
-2.47174e+18,trip,0,140.25489483631634,95.25650164173746,-22.236961537004177
-2.47174e+18,trip,0,148.10598813985754,75.52774226054967,-20.784736086503813
-2.47174e+18,charge,120,169.3475283374896,0.0,7.664974325474461
-2.47174e+18,charge,120,707.5769485500489,0.0,25.54844565762066
-2.47174e+18,trip,0,185.4327376850616,60.04448522953162,-12.840758463805829
-2.47174e+18,trip,0,65.29845658983295,7.579651828825604,-0.470361610295896
-2.47174e+18,trip,0,63.33244398526602,9.799571529803666,-1.5694077250028895
-2.47174e+18,trip,0,72.62861266665288,11.245631119638588,-3.455244825022632
-2.47174e+18,charge,240,246.57019769060443,0.0,12.339908375571753
-2.47174e+18,trip,0,237.38991753402,63.29288692246261,-15.21886964581023
-2.47174e+18,trip,0,122.20837734840448,15.919284884121904,-2.628554719952604
-2.47174e+18,trip,0,86.38960696898788,3.6566989186020975,-0.3368995566832637
-2.47174e+18,trip,0,58.805927534622604,8.172620943423835,-0.7593145124182996
-2.47174e+18,trip,0,63.60206646576721,9.573310785447864,-1.5691382434630017
-2.47174e+18,charge,240,440.09054420121424,0.0,26.05320043366791
-2.47174e+18,trip,0,218.2868000528321,83.83247946379893,-16.51121328388635
-2.47174e+18,trip,0,91.93601725587808,20.73115583381709,-5.935468374833846
-2.47174e+18,trip,0,60.9328101436375,8.504207679341137,-1.0881612503461895
-2.47174e+18,trip,0,65.66212867867058,5.227224351944171,0.8598415421572412
-2.47174e+18,charge,240,497.7070584825994,0.0,32.080762727497614
-2.47174e+18,trip,0,158.2470445882454,98.34933838429473,-21.63747078981032
-2.47174e+18,trip,0,105.76181980396242,11.158386925836629,-1.5283725556167127
-2.47174e+18,trip,0,174.65047976661597,47.15685201215821,-11.41978758797957
-2.47174e+18,trip,0,99.64220739319732,15.882963721395992,-6.443472781214922
-2.47174e+18,trip,0,59.4606075780923,6.836013396185394,-1.0110208385681003
-2.47174e+18,trip,0,59.44460673169118,8.876171972784604,-1.5841499504197571
-2.47174e+18,trip,0,142.04816858331313,80.85667288178865,-22.666842716579367
-2.47174e+18,charge,240,248.1993253122819,0.0,20.591411990836704
-2.47174e+18,trip,0,86.74744665578983,6.542595874959493,-3.645493508224917
-2.47174e+18,trip,0,208.4938059408948,72.88883742536031,-16.6270744941787
-2.47174e+18,trip,0,193.07490743268875,27.09519924016721,-9.141326452260742
-2.47174e+18,charge,120,488.7259075274901,0.0,23.557991596658766
-2.47174e+18,trip,0,107.86443191198914,35.1449504286348,-11.505297779349178
-2.47174e+18,trip,0,87.93950687865866,5.368146601002591,-1.2531790638834082
-2.47174e+18,charge,120,264.15104123638974,0.0,9.28701013376046
-2.47174e+18,trip,0,66.54348454547488,13.142588487334232,-2.4171966494598536
-2.47174e+18,trip,0,64.83512921179074,10.482036415942936,-1.0885786825354131
-2.47174e+18,trip,0,97.87311345872168,26.93294152660575,-6.969595858188981
-2.47174e+18,trip,0,119.26204508738977,6.979124292177727,-0.4807604273641459
-2.47174e+18,trip,0,139.77605973041247,9.151868467508072,-1.9717489479928787
-2.47174e+18,trip,0,73.30786361665777,11.924579566893694,-4.113873560340366
-2.47174e+18,trip,0,58.30299196860625,8.13787737431754,-1.3513231839167048
-2.47174e+18,trip,0,58.85143614098272,4.556852268541377,-0.4815900077908281
-2.47174e+18,trip,0,53.45693470439234,5.431230649886361,0.8818861889096326
-2.47174e+18,trip,0,117.445974526994,64.45337324387756,-15.862724452000506
-2.47174e+18,trip,0,120.35984031681296,12.219050578621369,-2.057512769047065
-2.47174e+18,charge,120,322.63802876853595,0.0,14.629761711290158
-2.47174e+18,trip,0,76.84430573261878,15.460007221029578,-3.5634337373561067
-2.47174e+18,trip,0,66.12260503803061,11.182687824387749,-2.3330814213555016
-2.47174e+18,charge,120,139.62014358347588,0.0,1.6769359908269053
-2.47174e+18,trip,0,76.6650259693643,17.92776428555499,-5.380442081719892
-2.47174e+18,trip,0,59.89677376025985,7.945111190721198,-0.930097117328188
-2.47174e+18,charge,240,142.270808769865,0.0,5.963689808657222
-2.47174e+18,trip,0,166.2287406203642,73.12971541047666,-25.878967560796383
-2.47174e+18,charge,240,457.98850264407713,0.0,25.647498617357087
-2.47174e+18,trip,0,117.1315236036354,30.77181095472653,-7.225825247047339
-2.47174e+18,trip,0,140.4286652751989,31.62129611933129,-7.935454684774967
-2.47174e+18,trip,0,63.73614936426699,7.570525420912857,-0.8203018836589706
-2.47174e+18,trip,0,58.49970092161754,6.702859018268626,-0.6056783309771134
-2.47174e+18,trip,0,131.24951872445234,65.20730542684699,-18.002809458967747
-2.47174e+18,trip,0,68.44898527041788,6.535627369159815,-0.7241603813435944
-2.47174e+18,charge,0,185.55169828168457,0.0,5.20626702723942
-2.47174e+18,trip,0,74.91009643983247,3.909110535025812,-0.4971882333931887
-2.47174e+18,trip,0,55.91117433922964,5.36812882665304,0.7990232573729514
-2.47174e+18,trip,0,100.02911840171068,17.187348294449613,-4.808190105860788
-2.47174e+18,charge,240,550.5298257411578,0.0,32.52903205920568
-2.47174e+18,trip,0,237.35921948793128,97.60936434998898,-19.661674411037097
-2.47174e+18,trip,0,90.65912364013444,17.69965116574327,-5.425413795168993
-2.47174e+18,trip,0,91.43397723847362,8.132179013929026,-3.041389871142556
-2.47174e+18,charge,240,164.01434364066802,0.0,10.678961546508049
-2.47174e+18,trip,0,111.12647339884246,61.89883988329244,-16.646540572471082
-2.47174e+18,trip,0,63.47239896200581,5.3044615869488645,0.7228867964297052
-2.47174e+18,trip,0,106.3296769763119,13.358549716706918,-2.4109298826697483
-2.47174e+18,trip,0,57.53606794310277,5.298132957733025,0.7565878407697681
-2.47174e+18,trip,0,67.17177424503966,12.556942885138874,-2.93865928097955
-2.47174e+18,trip,0,74.45357069681731,4.416096233670651,-0.4004337926733825
-2.47174e+18,charge,120,145.85809310765316,0.0,0.8563118623800108
-2.47174e+18,trip,0,58.26181940457588,6.590194141893832,-0.3579613884078583
-2.47174e+18,trip,0,84.75469795753743,8.260747129273787,-2.082014453368941
-2.47174e+18,trip,0,74.21569484780484,9.707459085776014,-3.163105699987568
-2.47174e+18,charge,DC Charging,138.20171927887785,0.0,17.33089671638038
-2.47174e+18,trip,0,59.18475026548298,4.900753746370629,-0.3352245439746042
-2.47174e+18,trip,0,55.65373812148523,5.659868353203754,-0.5647858282885352
-2.47174e+18,charge,120,165.9768080589625,0.0,3.934250751592927
-2.47174e+18,trip,0,65.05721959951128,11.832535337937292,-1.769188657184387
-2.47174e+18,trip,0,131.91390243389395,66.3439183948757,-14.537710140177964
-2.47174e+18,trip,0,114.21398493090184,15.328195527085656,-2.048091483054847
-2.47174e+18,trip,0,101.35592468249445,27.90101330831278,-9.27530633314609
-2.47174e+18,trip,0,61.72330183450968,7.753524359236962,-0.8638680659392861
-2.47174e+18,trip,0,73.21202291109755,16.515479802969747,-3.901379440218719
-2.47174e+18,trip,0,103.96277600325104,37.305800201400686,-12.542822843687487
-2.47174e+18,trip,0,72.44208916209459,6.843595357238498,-0.6412181905304664
-2.47174e+18,trip,0,98.51686554191458,9.09698992307517,-0.7037167719751807
-2.47174e+18,trip,0,100.12205140829684,29.382857948060124,-9.161009172575376
-2.47174e+18,trip,0,60.88528371888603,9.49939543225792,-1.267762770747396
-2.47174e+18,trip,0,88.77330231253636,18.37423673076532,-6.618329312933568
-2.47174e+18,charge,120,326.825387356585,0.0,16.13861527282728
-2.47174e+18,charge,120,447.6513323857429,0.0,17.815128623782783
-2.47174e+18,trip,0,137.12590466665037,8.950882848213915,-8.049265721783541
-2.47174e+18,charge,240,396.1105826413152,0.0,28.068076919675235
-2.47174e+18,trip,0,231.34782109044644,85.43375428167047,-19.5529148319133
-2.47174e+18,charge,120,173.93255585345315,0.0,4.587378893126086
-2.47174e+18,trip,0,100.87636406885436,44.25369159870237,-11.632556473592857
-2.47174e+18,trip,0,54.95456971690948,6.7480284443562,-0.4192763646578044
-2.47174e+18,trip,0,63.18844203568513,4.93440299200997,0.955586748090454
-2.47174e+18,trip,0,141.70855161035445,28.64726120762222,-7.9135421368166305
-2.47174e+18,trip,0,68.06318519562559,9.46250260801942,-1.5537355240758473
-2.47174e+18,trip,0,65.4172811537554,10.662069439831138,-1.902053624247884
-2.47174e+18,trip,0,51.10540542649258,5.647586277663952,0.7304798351121491
-2.47174e+18,charge,DC Charging,183.8852636918837,0.0,25.45462381012892
-2.47174e+18,trip,0,326.46535414248683,151.4793326212703,-33.936978146476974
-2.47174e+18,charge,120,542.1125303297903,0.0,16.40085779879115
-2.47174e+18,trip,0,60.505769488464566,5.038133135214474,0.5452139184217373
-2.47174e+18,trip,0,60.75254981133328,4.665944500656402,0.9490082281463684
-2.47174e+18,trip,0,109.77854804129971,54.494802951522026,-12.66892963644699
-2.47174e+18,trip,0,60.56944412837607,6.256755030520612,-0.6469354263373077
-2.47174e+18,charge,120,137.3698906511288,0.0,0.7476632462432065
-2.47174e+18,trip,0,107.59113088054416,9.018174614063035,-0.5649232110343547
-2.47174e+18,trip,0,69.83352042849367,9.22490278942567,-3.50422177390756
-2.47174e+18,trip,0,63.729052991722114,5.722198193201167,-2.288157263472272
-2.47174e+18,trip,0,105.866927737247,56.06614000009563,-14.211103797797293
-2.47174e+18,trip,0,129.96563076068924,6.533152411081781,0.7091062502335745
-2.47174e+18,charge,120,447.78264928599833,0.0,15.51617632312967
-2.47174e+18,trip,0,86.85662423403225,8.523541367774465,-3.4557415164882883
-2.47174e+18,trip,0,84.06873606097251,3.592245284027244,0.9171988385372032
-2.47174e+18,trip,0,96.1491823808256,34.49000503947887,-9.985649104361627
-2.47174e+18,charge,DC Charging,144.32168310745269,0.0,34.384195819245164
-2.47174e+18,trip,0,114.2351040076608,66.93178242805017,-17.433463656577914
-2.47174e+18,trip,0,100.32157737181518,33.65104036825704,-9.464138917276074
-2.47174e+18,trip,0,53.62673752284248,5.348326279701824,0.6611702398458164
-2.47174e+18,trip,0,165.48726037789103,41.17000912655176,-9.810422696019629
-2.47174e+18,charge,240,221.41473596906883,0.0,27.08319058279315
-2.47174e+18,trip,0,135.71377187445236,89.04694711703151,-18.952842850025576
-2.47174e+18,trip,0,89.27000871447378,27.570316250648684,-7.608119157051092
-2.47174e+18,trip,0,60.11236291850037,5.298766589275131,0.7371217624773863
-2.47174e+18,trip,0,113.39722192473768,31.57729835915061,-11.58757419224024
-2.47174e+18,trip,0,103.37899166887988,10.1738282339514,-1.1838536167617804
-2.47174e+18,trip,0,124.56961029227614,42.77342070947204,-13.53832992361184
-2.47174e+18,charge,240,317.5097093187289,0.0,30.16931431328591
-2.47174e+18,charge,0,214.38810285533071,0.0,7.767620372409269
-2.47174e+18,trip,0,67.56675652711844,12.80735656859548,-2.2286705345320854
-2.47174e+18,trip,0,64.68802118221417,8.241376931365705,-0.5071220627063582
-2.47174e+18,charge,240,287.4824178042561,0.0,13.380033144177132
-2.47174e+18,trip,0,145.8869433762262,62.89244331716005,-16.505126171456155
-2.47174e+18,trip,0,62.9727508529192,9.44327076180514,-0.7541679434017965
-2.47174e+18,trip,0,124.17392517457787,37.91592348486702,-10.714189805446594
-2.47174e+18,charge,120,921.9854789825774,0.0,31.59625605460357
-2.47174e+18,trip,0,52.9578250580787,5.48226272899884,0.7392934666517021
-2.47174e+18,trip,0,154.51100849241578,93.0125447751246,-24.74994030379
-2.47174e+18,charge,120,279.0750981242616,0.0,11.47413287931586
-2.47174e+18,trip,0,68.74716895000347,4.873240014041195,0.5012620076627741
-2.47174e+18,trip,0,83.55980372007399,8.3868287572327,-3.403620616304778
-2.47174e+18,trip,0,103.39304838126913,9.898915732159484,-1.5162458863221957
-2.47174e+18,trip,0,103.81835461951016,13.379234255706129,-1.5178046520920816
-2.47174e+18,trip,0,65.69090526286416,8.77482551397125,-1.0140802466384855
-2.47174e+18,trip,0,65.00936442906684,10.933980478488047,-2.242123475718955
-2.47174e+18,trip,0,60.7690721164198,9.989506307555304,-1.899453919980829
-2.47174e+18,trip,0,59.10247315377252,8.324802041953307,-0.7252700112136807
-2.47174e+18,trip,0,61.35512933049581,6.394999597838551,0.6940047160968703
-2.47174e+18,charge,120,285.483326581341,0.0,6.383933060217942
-2.47174e+18,trip,0,59.01791182629879,5.773945089398295,-0.5662441989749283
-2.47174e+18,trip,0,116.55849718866536,65.72756159898302,-14.678680689244873
-2.47174e+18,trip,0,63.748295950819454,7.765384654265796,-0.6774872354270229
-2.47174e+18,trip,0,140.08707582808242,67.76201557015197,-14.599537659748862
-2.47174e+18,trip,0,128.63358722093466,9.33676493774371,0.9943181145082464
-2.47174e+18,trip,0,89.68223314134613,18.40678780983509,-5.252581016975313
-2.47174e+18,trip,0,61.68265072916472,7.0112045911783145,-0.5384770324639447
-2.47174e+18,trip,0,62.90253530732336,5.463991178048146,0.5737366900347354
-2.47174e+18,charge,240,313.2775506279684,0.0,29.838412118122463
-2.47174e+18,trip,0,123.79812350327536,13.208349737570655,-1.4098323817808591
-2.47174e+18,trip,0,147.13360372427465,79.87545192451643,-17.72215764506396
-2.47174e+18,charge,DC Charging,138.51696372632293,0.0,19.36446782372279
-2.47174e+18,charge,DC Charging,134.76973894087385,0.0,23.38000696549682
-2.47174e+18,trip,0,140.38160929687015,88.50261775017374,-21.750409974778123
-2.47174e+18,trip,0,64.2682922846953,5.37681856203222,0.6412444577501191
-2.47174e+18,trip,0,59.55085393884279,8.131810076078883,-1.0899366581383276
-2.47174e+18,trip,0,64.41922056594541,4.306979021388689,0.6986810134065138
-2.47174e+18,trip,0,55.51895238736599,7.9398192384332305,-0.5935305258755506
-2.47174e+18,trip,0,56.41999898757358,5.185911959709183,0.8049677031055609
-2.47174e+18,charge,240,516.6317917491448,0.0,33.856709482716425
-2.47174e+18,trip,0,191.5232957782028,49.46047688982626,-11.952177431743747
-2.47174e+18,charge,120,609.2642567555878,0.0,21.630944956844687
-2.47174e+18,trip,0,115.48309067453953,30.84309282185595,-9.88776918191644
-2.47174e+18,trip,0,57.95472558310487,6.471820816986185,-0.3768937875722429
-2.47174e+18,charge,0,370.3412733585889,0.0,17.41417179615452
-2.47174e+18,trip,0,129.15755117524293,60.688243347002526,-12.14980779555799
-2.47174e+18,trip,0,121.05525081803628,47.09154232647795,-11.173037608582815
-2.47174e+18,trip,0,284.99979834726844,105.281426943682,-23.65050846060437
-2.47174e+18,trip,0,109.6478999684886,10.601117832505672,-1.320919325476325
-2.47174e+18,trip,0,71.27078526211662,14.09087405527612,-3.3944159723348264
-2.47174e+18,trip,0,63.61801063187644,5.14860215883797,0.965515293451844
-2.47174e+18,trip,0,98.34208619383632,10.917601175182805,-7.543322056589773
-2.47174e+18,charge,0,419.2499263802513,0.0,13.905226245641018
-2.47174e+18,trip,0,142.58675605292956,26.183940044279367,-7.150835403636506
-2.47174e+18,trip,0,82.91648807512864,5.050813932649612,0.5588465139685184
-2.47174e+18,trip,0,60.2346109720531,10.253136420872709,-1.5057149704598911
-2.47174e+18,trip,0,57.97585599592222,9.054485208256782,-0.8646765105589225
-2.47174e+18,trip,0,136.39807303846482,72.54637855217165,-18.86661404121631
-2.47174e+18,charge,240,192.41383385229364,0.0,26.786169086329693
-2.47174e+18,trip,0,134.6314390286573,71.98849840552639,-18.528504535849063
-2.47174e+18,charge,DC Charging,179.1720593638356,0.0,39.39116283018304
-2.47174e+18,trip,0,141.77614852646488,36.91237025835341,-8.405557305164919
-2.47174e+18,trip,0,190.4839379297203,51.66856992292329,-15.443442879660523
-2.47174e+18,trip,0,112.89337947405107,29.77608036356669,-10.850758822695482
-2.47174e+18,charge,120,413.0621615865152,0.0,18.406540208732054
-2.47174e+18,trip,0,96.70218931669936,31.980272647519,-7.336254554928033
-2.47174e+18,trip,0,95.47153548308124,32.62817170804748,-10.17727161502212
-2.47174e+18,trip,0,66.07346889298942,9.178005408329035,-2.5787006350751227
-2.47174e+18,charge,120,512.6565988297059,0.0,19.546256900153608
-2.47174e+18,charge,120,906.0438068061928,0.0,28.08836729444253
-2.47174e+18,charge,120,573.4127478395743,0.0,21.27122408876956
-2.47174e+18,trip,0,74.25300748395736,5.10561225231562,-0.347102867536293
-2.47174e+18,trip,0,215.7416055535956,78.73312041981052,-16.652215536663817
-2.47174e+18,charge,240,371.2880836264701,0.0,28.64115319200927
-2.47174e+18,trip,0,131.23011139250852,80.51409871552183,-19.91907683718668
-2.47174e+18,trip,0,56.08986462744845,6.961680449450723,-0.5166120400714789
-2.47174e+18,trip,0,70.20610265921674,10.401356241391412,-2.984846303333981
-2.47174e+18,trip,0,144.5460010306446,77.12797175451249,-17.55776862178645
-2.47174e+18,trip,0,211.78511713048115,59.03562852142223,-15.488752766022415
-2.47174e+18,trip,0,76.63499675071989,9.685282462190164,-2.214028704198711
-2.47174e+18,charge,240,309.5451534068782,0.0,21.79718864719075
-2.47174e+18,trip,0,124.98158532586416,36.17655061796437,-12.04529122969933
-2.47174e+18,charge,120,608.0514345417989,0.0,23.764435592012543
-2.47174e+18,charge,120,266.29450849881226,0.0,7.86438009708084
-2.47174e+18,trip,0,230.23496023943832,100.51036878288306,-21.5390202005748
-2.47174e+18,trip,0,92.08648075873468,21.93821287260721,-6.676098757550989
-2.47174e+18,trip,0,93.9251440834786,29.30053292559339,-10.672573401366575
-2.47174e+18,trip,0,89.92326608261699,19.918481827520456,-7.40831180511077
-2.47174e+18,charge,120,310.7232192656789,0.0,13.737598159933228
-2.47174e+18,charge,240,195.88611387783288,0.0,8.649691575900164
-2.47174e+18,trip,0,197.9443566533665,70.00119161712342,-17.601371791729107
-2.47174e+18,trip,0,154.34864212826187,15.94893249917312,-5.707486992096847
-2.47174e+18,trip,0,64.95381774301265,11.985113236810797,-2.6496006998219173
-2.47174e+18,trip,0,62.05130501565967,5.0296907995655324,-0.7907434575005681
-2.47174e+18,trip,0,57.41911382881276,6.641219975964577,-1.4082049246380706
-2.47174e+18,charge,240,145.93712810666742,0.0,4.644582954904948
-2.47174e+18,trip,0,123.45732758024532,30.719936755755583,-9.214234418677208
-2.47174e+18,charge,240,750.6648076598009,0.0,34.34562297138024
-2.47174e+18,trip,0,80.16214896683981,10.65549677359984,-3.274618217979537
-2.47174e+18,charge,120,459.6496886388487,0.0,18.27892220576853
-2.47174e+18,trip,0,60.69292781229205,7.384074415673236,0.8762270765721922
-2.47174e+18,trip,0,62.05247829770183,9.411218325298444,-0.8113455854218472
-2.47174e+18,trip,0,101.81403747368256,9.324007758644289,-0.6706498018465936
-2.47174e+18,charge,120,734.9194760145303,0.0,21.48647114775937
-2.47174e+18,trip,0,79.85853531529095,6.14192888931797,0.8107853339958666
-2.47174e+18,trip,0,87.94798058229652,4.701868382650456,-1.3608818526547424
-2.47174e+18,trip,0,122.17163718320003,85.53913984132237,-21.21441647591205
-2.47174e+18,trip,0,60.10722768405496,4.947477707462185,0.7216239319585043
-2.47174e+18,trip,0,120.62210002739738,30.82873306896997,-10.435625152488925
-2.47174e+18,trip,0,85.27524975827382,16.82137731951964,-4.521002043627007
-2.47174e+18,trip,0,59.739599310843246,7.162343248126005,-0.424512760854256
-2.47174e+18,trip,0,57.65630951432252,8.167203129525534,-0.4453156789425065
-2.47174e+18,trip,0,86.75111953870443,27.961015669294653,-7.378441625798388
-2.47174e+18,trip,0,54.62333575912165,5.567922603751621,0.6690063403093376
-2.47174e+18,trip,0,59.60404839278346,9.228092564588351,-1.0529225760432863
-2.47174e+18,trip,0,155.8825581956191,65.48948139256356,-18.90117636969363
-2.47174e+18,charge,240,383.1651667270438,0.0,28.940774392739783
-2.47174e+18,trip,0,212.51175847253697,39.49222966510972,-11.084283070831162
-2.47174e+18,charge,120,543.8345229417037,0.0,23.62773975992137
-2.47174e+18,charge,DC Charging,277.35695977219694,0.0,26.93136151285468
-2.47174e+18,trip,0,99.91813839018609,19.2218848923246,-8.273395103685814
-2.47174e+18,charge,120,710.5393326697274,0.0,28.29308872152181
-2.47174e+18,trip,0,127.62670717970626,48.4825725301027,-13.482742751072252
-2.47174e+18,trip,0,97.4824728870018,35.10437879442705,-10.650301544688404
-2.47174e+18,trip,0,92.64279215562574,17.425624499101954,-5.978500877986164
-2.47174e+18,charge,240,446.6110449804733,0.0,32.273922868120934
-2.47174e+18,trip,0,222.77327187725373,103.02700915177658,-23.010421112020616
-2.47174e+18,trip,0,54.46939775437209,6.443265123462795,0.7800115989321199
-2.47174e+18,trip,0,126.03035210280076,79.01946230875161,-15.771174703766576
-2.47174e+18,trip,0,70.80377366510143,12.844598154395444,-2.264215678037204
-2.47174e+18,trip,0,167.27782480693537,54.277548518122536,-13.789137977962056
-2.47174e+18,charge,240,938.8736666893254,0.0,32.38274057071412
-2.47174e+18,trip,0,138.06997160840402,27.40406171037736,-5.595942770394302
-2.47174e+18,trip,0,96.59293238604828,26.0629630173564,-6.927292540379852
-2.47174e+18,trip,0,128.2916463560084,67.8644265683871,-15.12244281009967
-2.47174e+18,charge,DC Charging,185.7008921460028,0.0,39.40419305522892
-2.47174e+18,charge,DC Charging,137.11938643308278,0.0,8.50671840911535
-2.47174e+18,trip,0,123.1085057278834,94.32116732957658,-21.6434046676394
-2.47174e+18,trip,0,65.00194497885818,10.313001390936426,-2.328056383229537
-2.47174e+18,charge,240,373.088997876814,0.0,26.982858906730243
-2.47174e+18,trip,0,77.2804379066112,11.293551726803974,-3.233878949892059
-2.47174e+18,trip,0,70.62340564024261,7.347851732451593,-0.5444478979553651
-2.47174e+18,charge,120,580.1333980655626,0.0,31.17899295183679
-2.47174e+18,trip,0,128.9424948117462,70.3901904628664,-15.57524048846804
-2.47174e+18,trip,0,58.1618580417951,5.558256720310609,0.6274427757469425
-2.47174e+18,trip,0,122.43911148063854,12.617292086130904,-4.495020852811692
-2.47174e+18,trip,0,223.4785787574414,96.65115589111932,-22.10404373042305
-2.47174e+18,trip,0,139.72679322069993,46.26335371496234,-14.80314945695804
-2.47174e+18,charge,240,235.528514076169,0.0,14.822382888833715
-2.47174e+18,charge,120,159.47761906945485,0.0,5.3020756405937846
-2.47174e+18,trip,0,99.46709929942608,39.42798067574861,-11.136414538918189
-2.47174e+18,trip,0,66.68240227287306,6.25810299875954,0.6963772104381434
-2.47174e+18,trip,0,130.49861821746674,12.502316063926642,-2.799495843415372
-2.47174e+18,charge,120,755.6657324855514,0.0,29.26401485784785
-2.47174e+18,trip,0,91.354092035081,24.23471840269831,-5.047970552883044
-2.47174e+18,trip,0,75.09200616863075,14.938269532839074,-4.853193523020465
-2.47174e+18,trip,0,88.12981662671534,16.766023191139293,-8.288459650160178
-2.47174e+18,charge,240,198.3415494668291,0.0,18.756327247494013
-2.47174e+18,trip,0,211.08359649379187,28.873644931261406,-7.817685967896409
-2.47174e+18,charge,120,666.120756339051,0.0,29.41404738418713
-2.47174e+18,trip,0,61.86753617328733,5.968292229329032,0.8295803504144317
-2.47174e+18,charge,DC Charging,313.5048385984554,0.0,27.83350116513887
-2.47174e+18,trip,0,103.89818314261088,51.14880566792078,-14.170581171732069
-2.47174e+18,trip,0,123.67731512913667,74.1728026334945,-16.57784391560918
-2.47174e+18,trip,0,61.19887876983706,7.863376084504428,-1.132039185780485
-2.47174e+18,trip,0,56.25302451568885,4.694159599211366,0.5368599906855138
-2.47174e+18,charge,240,151.04630095387333,0.0,2.29368940842825
-2.47174e+18,trip,0,188.34511845123296,54.18667451390955,-14.700994817537136
-2.47174e+18,charge,120,154.851271620702,0.0,1.3806965192242728
-2.47174e+18,charge,120,598.4844360896935,0.0,21.54745851900006
-2.47174e+18,trip,0,73.06571974166583,11.152462783170034,-1.9671254902008428
-2.47174e+18,trip,0,57.45101916511878,6.657411928017794,0.7136081771350717
-2.47174e+18,trip,0,122.54047851465825,69.80345630185799,-14.599289314016032
-2.47174e+18,trip,0,74.25104067782871,15.284763663763655,-3.518720937543364
-2.47174e+18,trip,0,177.9939935050349,94.0178619857342,-23.13544469466884
-2.47174e+18,charge,240,534.1858595250403,0.0,32.56036589315623
-2.47174e+18,trip,0,124.57319248672373,8.572739806556228,-7.311536228583904
-2.47174e+18,trip,0,203.21702947056417,71.36007426745199,-16.512772049656235
-2.47174e+18,charge,DC Charging,380.3282047572639,0.0,29.07695239755826
-2.47174e+18,trip,0,71.09105205652699,10.87083349879911,-2.988782847396905
-2.47174e+18,trip,0,60.847092538209175,5.923923129359083,-0.942334749609728
-2.47174e+18,charge,240,142.0274009243639,0.0,3.301434120634127
-2.47174e+18,trip,0,63.94923892163508,7.528368987268106,-1.4431529815940394
-2.47174e+18,charge,120,327.1289216557252,0.0,12.414190169446428
-2.47174e+18,charge,120,545.6738664299503,0.0,17.72107428241351
-2.47174e+18,trip,0,190.6876015545468,63.77323631714167,-13.891509259405211
-2.47174e+18,trip,0,139.7767398939152,64.33557446280946,-15.096968878653527
-2.47174e+18,charge,120,381.1086697045004,0.0,18.43364688127275
-2.47174e+18,trip,0,67.7944582637363,4.587903576819304,0.5228099629495091
-2.47174e+18,charge,120,528.5259922978698,0.0,21.6620040253036
-2.47174e+18,trip,0,54.22878424726124,5.96353206636412,0.6071206972690675
-2.47174e+18,trip,0,56.70676725637211,5.814914965113556,0.7667224602498948
-2.47174e+18,trip,0,74.1143504859019,14.143248818361446,-2.8899888012968376
-2.47174e+18,trip,0,58.86516977570816,5.725590211638471,0.8352183269448261
-2.47174e+18,trip,0,103.50505997410612,49.30690266660225,-14.519068358360514
-2.47174e+18,trip,0,152.7361671763423,45.16587506076687,-13.193647182252278
-2.47174e+18,charge,240,745.0855171355842,0.0,40.54276841306981
-2.47174e+18,trip,0,137.7169440783837,62.96838686775011,-14.558602885446176
-2.47174e+18,trip,0,59.013677808494464,7.393341577218913,-0.7995095334742501
-2.47174e+18,trip,0,64.43782303774437,10.814135245282438,-2.4378040613328977
-2.47174e+18,trip,0,64.27547367767804,4.992999257826002,-0.4632229914650025
-2.47174e+18,charge,120,581.8636433279754,0.0,18.36607570613621
-2.47174e+18,trip,0,201.5403810921644,72.13360627371019,-14.481145436562343
-2.47174e+18,trip,0,105.66241390804218,30.49268256937622,-8.616006535954554
-2.47174e+18,trip,0,62.934429307570994,7.095417057412246,-0.4983876904432378
-2.47174e+18,trip,0,69.9554510724118,4.340267976158751,0.4631594315046925
-2.47174e+18,trip,0,71.91589200428575,6.332087047408558,-3.2762351072188096
-2.47174e+18,charge,120,620.9887338382713,0.0,24.172081902571904
-2.47174e+18,charge,120,200.0857154089306,0.0,4.269464651394429
-2.47174e+18,charge,240,301.24863236147434,0.0,17.934450822479462
-2.47174e+18,charge,240,160.77472487728718,0.0,5.8252608403879975
-2.47174e+18,trip,0,100.13778585732608,10.64597260456741,-2.176972350489564
-2.47174e+18,trip,0,68.19704137295781,9.36436898298438,-1.2807771439379962
-2.47174e+18,trip,0,65.05556453498804,10.451620180370591,-2.071150648545612
-2.47174e+18,trip,0,123.97234738449308,75.00149853455406,-16.100687219616532
-2.47174e+18,trip,0,101.67941044438064,36.17414867883585,-10.071655987196891
-2.47174e+18,charge,DC Charging,319.5440330110841,0.0,32.61694644862713
-2.47174e+18,trip,0,155.17532418550712,27.402780035658377,-7.095332774325115
-2.47174e+18,trip,0,92.61800019595216,7.282309539063691,-0.4974312951742661
-2.47174e+18,trip,0,56.04610744210781,5.195064788952343,0.7743630544982096
-2.47174e+18,trip,0,61.2572311303399,9.57471351789892,-1.3501765663842915
-2.47174e+18,charge,DC Charging,133.78149537961957,0.0,17.281755964990808
-2.47174e+18,trip,0,68.00146602578437,14.372467790947942,-3.278924638665828
-2.47174e+18,trip,0,69.22567531021436,10.255569104822078,-1.201496731696167
-2.47174e+18,trip,0,126.87503582075092,20.27779847028876,-5.000214196855211
-2.47174e+18,trip,0,89.89163281171204,7.597278218926376,0.8781927066277717
-2.47174e+18,trip,0,62.97060833788568,5.098646628842896,0.5660591081240796
-2.47174e+18,trip,0,70.97120724735049,9.807985042183066,-1.815608173416365
-2.47174e+18,charge,0,271.67099693863935,0.0,12.84965120208264
-2.47174e+18,charge,240,173.56382788257875,0.0,7.239024406010444
-2.47174e+18,trip,0,54.25278268284832,7.322216796908491,-0.5963785758754341
-2.47174e+18,trip,0,51.40795915658305,6.004651823081001,0.6510144845586439
-2.47174e+18,trip,0,114.56569747815026,66.08251055564001,-14.627780381918456
-2.47174e+18,trip,0,134.4349964730179,77.50893851580967,-19.20783579417156
-2.47174e+18,charge,DC Charging,181.6494642339692,0.0,23.96470793170795
-2.47174e+18,trip,0,137.52459383981892,19.091669046737664,-3.538572744314393
-2.47174e+18,charge,240,366.8084361091922,0.0,16.126102875054116
-2.47174e+18,trip,0,59.59411800564398,7.620369981320194,-1.886143645491544
-2.47174e+18,charge,120,302.894990791887,0.0,11.780792303793774
-2.47174e+18,trip,0,87.25500733362458,10.49353209661206,-2.208211073308391
-2.47174e+18,trip,0,156.7977748687997,84.37378046580345,-21.64321444537596
-2.47174e+18,charge,240,199.25480500191023,0.0,23.04266891708687
-2.47174e+18,trip,0,118.46845298455108,70.9757640068879,-16.32312573695485
-2.47174e+18,trip,0,147.07024649399773,60.30283395909323,-19.12228861513961
-2.47174e+18,charge,240,449.7031136080008,0.0,31.966851295405547
-2.47174e+18,charge,240,462.65669148430464,0.0,24.022303005917223
-2.47174e+18,trip,0,119.98589775908448,13.046017083508383,-1.969455712928024
-2.47174e+18,trip,0,139.64083189001647,40.68045934423479,-12.357234605939569
-2.47174e+18,charge,120,381.4891531679132,0.0,15.651403216630923
-2.47174e+18,trip,0,68.43620386459624,12.823790636112852,-2.3590414763637853
-2.47174e+18,trip,0,115.17859281043717,42.11212267170898,-12.575615048324437
-2.47174e+18,charge,DC Charging,180.82638704328824,0.0,31.52029396406849
-2.47174e+18,trip,0,142.28602176020885,16.46840563915325,-5.151139711042319
-2.47174e+18,charge,240,217.9096267184657,0.0,8.502216482213854
-2.47174e+18,trip,0,56.40113578643191,7.049497745928746,-0.3891525556608286
-2.47174e+18,trip,0,56.14453276897832,8.258482581063413,-0.531137623466094
-2.47174e+18,trip,0,88.06895332928168,30.249604408018133,-8.546802619723465
-2.47174e+18,trip,0,117.75283029123906,37.729817398086254,-12.020366829236464
-2.47174e+18,charge,240,368.297790131064,0.0,23.239337601680376
-2.47174e+18,charge,DC Charging,107.9108077268152,0.0,31.51836003772347
-2.47174e+18,trip,0,57.19806635846303,7.790567064477084,-0.9147789411692316
-2.47174e+18,charge,DC Charging,127.47682181582698,0.0,23.917892119093807
-2.47174e+18,trip,0,194.46856244973,75.48221686708325,-16.807447471537216
-2.47174e+18,charge,120,332.0971986333459,0.0,9.42131761965507
-2.47174e+18,trip,0,165.55287348378525,79.5249763392924,-21.28545392340466
-2.47174e+18,trip,0,55.9307233719032,6.41865965903018,-0.73700038412602
-2.47174e+18,trip,0,165.26369063455212,99.83214572124476,-28.316021224709445
-2.47174e+18,charge,240,450.1202352120927,0.0,26.242883734031626
-2.47174e+18,trip,0,140.062317876584,9.905117538989336,-1.3650244708364028
-2.47174e+18,charge,120,310.8213895312359,0.0,15.10155519624405
-2.47174e+18,trip,0,62.02494867992987,8.300431967555287,-0.6739047161321707
-2.47174e+18,trip,0,65.97673830684649,4.4506644612205655,0.5472693756572795
-2.47174e+18,trip,0,187.4230094545583,62.36345177280139,-15.821044640499338
-2.47174e+18,trip,0,194.34184798917616,37.50685595731739,-12.83749826556847
-2.47174e+18,charge,240,311.74183212732896,0.0,26.1982660453506
-2.47174e+18,trip,0,95.32323716737494,30.240759507371248,-10.857036157389118
-2.47174e+18,trip,0,54.07385433740356,6.2757870353993965,-0.367773686830489
-2.47174e+18,trip,0,115.68774053644488,35.685282968782694,-12.505153551573912
-2.47174e+18,charge,240,510.8650028193491,0.0,34.36768875393969
-2.47174e+18,trip,0,57.3771987529586,7.896031407732384,-0.4001643111334942
-2.47174e+18,trip,0,84.79942437586942,20.06346095176696,-5.149528105754811
-2.47174e+18,charge,120,597.3401290127437,0.0,18.44835740297904
-2.47174e+18,trip,0,77.84185619780175,8.157878801828597,-1.6394782093229878
-2.47174e+18,charge,120,194.09064093551063,0.0,5.770973519981936
-2.47174e+18,trip,0,64.04097030603315,6.782296429515049,-0.4674025973090039
-2.47174e+18,charge,120,275.67475672519174,0.0,9.515435368445496
-2.47174e+18,trip,0,58.33901796213283,5.819418120591716,0.8915452527311487
-2.47174e+18,trip,0,70.0625994962045,8.935848630820647,-1.8506671933593424
-2.47174e+18,trip,0,105.14485482671768,13.53070053715095,-1.6298878368743883
-2.47174e+18,charge,240,676.4395621828123,0.0,28.464373301849136
-2.47174e+18,charge,240,304.8273806473035,0.0,11.929905422526405
-2.47174e+18,trip,0,64.30162029632783,6.561504420167071,-1.0499741309599102
-2.47174e+18,trip,0,57.65576538352036,7.286508609048179,-0.4465891113172233
-2.47174e+18,trip,0,164.07538831503572,85.98470915742037,-22.065153845452382
-2.47174e+18,charge,120,595.3164158710307,0.0,29.5972314238832
-2.47174e+18,trip,0,124.70537092741591,64.3920796004202,-15.124387304348204
-2.47174e+18,trip,0,188.33237672161565,72.90144280190681,-18.018302005534863
-2.47174e+18,charge,120,513.7738807434816,0.0,17.937399267562824
-2.47174e+18,trip,0,89.89931299126341,28.464104702091284,-7.035962292323703
-2.47174e+18,charge,240,165.1223753308069,0.0,10.80310270921197
-2.47174e+18,trip,0,60.75427289220679,8.891678891798366,-2.586468044165727
-2.47174e+18,trip,0,58.86366207994383,6.322272243741578,-1.042465635505664
-2.47174e+18,charge,240,224.1816184259534,0.0,11.239303495094887
-2.47174e+18,trip,0,72.76836359434188,10.91582662255465,-1.3923953409652086
-2.47174e+18,trip,0,151.3120975146718,30.90780874818364,-8.26820626305522
-2.47174e+18,charge,240,446.1581921203728,0.0,16.510013674297127
-2.47174e+18,trip,0,81.96772800520634,7.08868538281064,-1.944642275452182
-2.47174e+18,charge,240,133.08954237620168,0.0,1.3833384951054342
-2.47174e+18,trip,0,55.628759116848414,8.54402414388688,-0.985420092279668
-2.47174e+18,trip,0,105.31285521188566,27.622201978927443,-9.216511801886767
-2.47174e+18,charge,240,402.61394330030606,0.0,29.0179517921802
-2.47174e+18,charge,240,532.8492928979928,0.0,22.06454603846055
-2.47174e+18,trip,0,104.65519378506244,36.729942020766245,-9.88835570056206
-2.47174e+18,trip,0,53.86215911521602,5.741752860034318,0.8280955599692277
-2.47174e+18,trip,0,112.67538707143432,61.305495585802326,-14.218982169874906
-2.47174e+18,trip,0,86.75927583270769,24.753024200261976,-5.9215980014577525
-2.47174e+18,trip,0,105.30421713540132,11.9757485565365,-1.756052753103262
-2.47174e+18,trip,0,186.3955091231396,9.681664181086951,0.9960353988309976
-2.47174e+18,charge,120,358.59947477870315,0.0,15.491669354856043
-2.47174e+18,charge,240,571.7254435662988,0.0,35.722874430325064
-2.47174e+18,trip,0,166.94008961966753,77.87629300767767,-20.364159945982067
-2.47174e+18,charge,240,481.42154098348095,0.0,29.98539052034312
-2.47174e+18,trip,0,136.79932416082687,72.01852840928687,-16.184379731579895
-2.47174e+18,trip,0,83.8915761406348,4.203564492985673,0.6765993789917815
-2.47174e+18,trip,0,102.5687128881082,10.785905735092705,-1.4985182281596252
-2.47174e+18,trip,0,232.6866322570529,79.45105041757029,-16.802866285359286
-2.47174e+18,trip,0,63.82287587889099,8.243834595482014,-1.5089434649866718
-2.47174e+18,trip,0,108.7019285689274,4.113706028636229,-0.9096429400562585
-2.47174e+18,charge,240,202.66754804884607,0.0,18.53570112561017
-2.47174e+18,trip,0,190.4897419916101,16.651587124851122,-2.510532373389452
-2.47174e+18,charge,120,247.718721781271,0.0,8.69280862228068
-2.47174e+18,trip,0,82.30665914663311,10.776708229781754,-3.527804050622791
-2.47174e+18,charge,240,227.1344122402438,0.0,21.964869572416177
-2.47174e+18,trip,0,62.040059645748286,9.69800697491744,-4.194522516088625
-2.47174e+18,trip,0,60.80465600366961,9.87482332192472,-1.6311401334420594
-2.47174e+18,trip,0,98.58454181043366,15.853807062702646,-4.099480075739805
-2.47174e+18,charge,DC Charging,347.8971927521172,0.0,36.16199195758078
-2.47174e+18,trip,120,262.2355194358403,42.451080478423904,-4.706611417181975
-2.47174e+18,trip,0,149.5586246686416,65.25622043681159,-17.004929884702108
-2.47174e+18,trip,0,145.94063094870634,28.44969306732013,-7.243669152148684
-2.47174e+18,trip,0,70.65090691786862,8.191418519043676,-1.6088418570050749
-2.47174e+18,charge,240,430.4761156808536,0.0,23.298782059006456
-2.47174e+18,charge,240,191.2194667415448,0.0,6.637964325143173
-2.47174e+18,trip,0,55.80587369295263,5.304278559187271,-0.3066806365545602
-2.47174e+18,trip,0,62.81307680263016,4.897492873809743,0.9870156931727224
-2.47174e+18,charge,DC Charging,181.6479111939713,0.0,25.776997707147984
-2.47174e+18,trip,0,101.1875388713416,40.87070060941923,-11.64074659882445
-2.47174e+18,trip,0,54.09548353678956,5.24570343043557,0.8433291928999864
-2.47174e+18,trip,0,70.4555809639795,16.056381804924236,-3.989711261829399
-2.47174e+18,trip,0,80.68148214130052,9.035090990957416,-1.5319233712010032
-2.47174e+18,trip,0,102.75545177777568,10.223263023543408,-1.2129734749239276
-2.47174e+18,trip,0,59.57537950114448,7.927721631818499,-0.8868955277194743
-2.47174e+18,trip,0,55.72967270853299,6.379767941048919,-0.8048938803200514
-2.47174e+18,trip,0,71.45073385281543,4.025904584956455,0.666459475559904
-2.47174e+18,charge,DC Charging,192.7263689817863,0.0,29.92586151978884
-2.47174e+18,trip,0,98.73973244963403,9.250601616549591,-8.10899551250479
-2.47174e+18,trip,0,69.18713837975697,6.112106413098197,-0.6982795856117576
-2.47174e+18,charge,240,247.7530700381576,0.0,10.121631450425738
-2.47174e+18,trip,0,63.95478792221131,11.880427121833137,-2.30386116810989
-2.47174e+18,charge,0,258.97504232504315,0.0,10.685830683799068
-2.47174e+18,trip,0,109.3977585043107,25.45602182284753,-8.67488032649031
-2.47174e+18,charge,240,297.15753958117466,0.0,17.71625531840627
-2.47174e+18,trip,0,108.68879007726682,2.899268791679809,-0.7705323420097017
-2.47174e+18,trip,0,59.71670047291887,5.580214767435764,-1.319122781877141
-2.47174e+18,charge,240,150.41912218802963,0.0,7.975924318783385
-2.47174e+18,trip,0,101.707251803758,11.657858638305704,-1.8074656037506287
-2.47174e+18,trip,0,245.2306156720282,39.187898212871616,-9.4267496746059
-2.47174e+18,charge,120,686.6048324518964,0.0,23.98389924450869
-2.47174e+18,trip,0,98.93673047213396,14.734412155122854,-3.261101869371529
-2.47174e+18,charge,240,1095.5867838741551,0.0,31.55099372380755
-2.47174e+18,charge,240,612.1051183294497,0.0,25.69980973980404
-2.47174e+18,trip,0,89.59611310584538,6.322707475111667,-2.8246844414663457
-2.47174e+18,charge,240,183.6920179047071,0.0,10.667463667473244
-2.47174e+18,trip,0,122.37846356831407,86.60813726210743,-19.09199571968624
-2.47174e+18,trip,0,79.08852788190855,22.399241068936405,-6.382411434649569
-2.47174e+18,trip,0,52.86628638667307,5.537806610570343,0.6460792736126422
-2.47174e+18,charge,DC Charging,316.98970164879466,0.0,15.495484368028428
-2.47174e+18,trip,0,88.21905974629934,7.834222788525862,0.8777699904867831
-2.47174e+18,trip,0,152.9078744526,50.32188912336764,-20.620405186695702
-2.47174e+18,trip,0,142.58951071511552,28.379896559347785,-7.211806923021911
-2.47174e+18,trip,0,83.42468924026177,7.695445471109215,-1.945223510146036
-2.47174e+18,trip,0,55.16145278231539,4.839791570513,0.520120431502491
-2.47174e+18,charge,240,358.4390468805319,0.0,29.04511130423852
-2.47174e+18,trip,0,122.74322391875604,63.993169393057286,-15.038332865947083
-2.47174e+18,trip,0,70.75713712093267,9.138455078638732,-0.7268710485976584
-2.47174e+18,trip,0,160.54161017279364,40.223280015165145,-10.515777416771542
-2.47174e+18,trip,0,125.20633401927444,10.704612585675582,-0.7023059568546444
-2.47174e+18,charge,120,342.2587960195154,0.0,13.643681201309777
-2.47174e+18,charge,120,867.7487878345974,0.0,29.575863122956378
-2.47174e+18,trip,120,178.54305549259297,6.327453226441807,-0.7432407311573144
-2.47174e+18,trip,0,69.98694831061621,5.01005782951679,-0.2747919876689622
-2.47174e+18,charge,120,356.04169725466664,0.0,14.542058679939188
-2.47174e+18,charge,120,406.77318846357673,0.0,17.286353003024033
-2.47174e+18,charge,120,669.537126924668,0.0,25.142775545020413
-2.47174e+18,trip,0,184.65355371242185,67.38028787453888,-14.00454355550474
-2.47174e+18,charge,0,374.8667638959491,0.0,11.185111285820554
-2.47174e+18,trip,0,66.73569875133913,6.3093281937779535,0.9408656584806324
-2.47174e+18,trip,0,103.85757738149942,44.22931479887479,-13.150012308599043
-2.47174e+18,trip,0,71.75791836275347,15.35373390467579,-4.189338959409795
-2.47174e+18,charge,120,684.2956773602151,0.0,20.810801668008168
-2.47174e+18,charge,120,529.9851243881047,0.0,26.75503604254611
-2.47174e+18,trip,0,135.6743790715874,78.70990039386723,-16.651660721728774
-2.47174e+18,charge,120,362.0363409578682,0.0,15.150590268598378
-2.47174e+18,trip,0,125.668323742428,18.59784381277193,-2.875024649905953
-2.47174e+18,trip,0,144.6986523927682,72.13054716403609,-17.05770071095239
-2.47174e+18,trip,0,62.5292615770392,4.924187064508525,0.9041210579254652
-2.47174e+18,charge,240,128.00573962764665,0.0,12.00208420359968
-2.47174e+18,trip,0,52.12868874419452,6.536824495621471,-0.8468801610234351
-2.47174e+18,trip,0,91.090976452089,2.8568186008796377,-1.311857348203958
-2.47174e+18,charge,240,281.05954315975185,0.0,13.786770615033362
-2.47174e+18,trip,0,207.8434789438424,44.242777187302345,-17.797855538010936
-2.47174e+18,charge,240,943.2239924526224,0.0,28.861958968253035
-2.47174e+18,trip,0,117.328691667011,7.238002889511082,0.8039954559812941
-2.47174e+18,trip,0,70.30169963952183,9.322384047793404,-2.2370931536412257
-2.47174e+18,trip,0,70.58453996409226,3.92645950115724,0.5403896704627442
-2.47174e+18,trip,0,58.75246668331005,5.424915951917467,0.6687685624800253
-2.47174e+18,charge,120,718.5168343602462,0.0,20.865110124221275
-2.47174e+18,trip,0,65.30008898223943,4.59820549374155,0.9703553932661322
-2.47174e+18,trip,0,85.59582215315676,28.30718697960036,-8.249194604614388
-2.47174e+18,charge,120,459.4748412744202,0.0,18.206384115975425
-2.47174e+18,charge,120,381.549959785055,0.0,15.86659743610312
-2.47174e+18,trip,0,104.5167805122621,53.13034395931268,-15.238959230410558
-2.47174e+18,trip,0,56.24191517847801,7.785741568767876,-0.9766540163059858
-2.47174e+18,trip,0,59.61128646605808,6.445997569415406,-0.9912588589770336
-2.47174e+18,charge,240,166.48929992219186,0.0,9.321059918916845
-2.47174e+18,charge,240,147.70765038449875,0.0,5.032277063609797
-2.47174e+18,trip,0,122.12928566909834,20.96918992300528,-6.691062908941873
-2.47174e+18,charge,120,399.3380038058808,0.0,15.686509792139772
-2.47174e+18,trip,0,78.46592321562055,9.97293004524152,-0.6980101040718694
-2.47174e+18,trip,0,86.50016754635247,28.8343299916057,-8.912172032232505
-2.47174e+18,trip,0,77.95061434188416,8.652717654106569,-2.0869232445561323
-2.47174e+18,charge,240,390.20952943608575,0.0,29.68013662703397
-2.47174e+18,trip,0,224.5258491746721,31.08801182936214,-10.822933532715112
-2.47174e+18,charge,240,544.3046519547729,0.0,36.57321021953148
-2.47174e+18,charge,240,340.8121562656135,0.0,16.93635460619157
-2.47174e+18,trip,0,99.73254444241483,27.06047296502264,-8.95864967193387
-2.47174e+18,trip,0,68.2650860633742,12.756946591717288,-1.849652674620984
-2.47174e+18,trip,0,59.20073977582573,9.129314259091217,-0.6232791742973944
-2.47174e+18,trip,0,94.21881601182956,33.77860062994348,-8.644872764432094
-2.47174e+18,trip,0,76.31668589948345,9.837879576576697,-1.662806856353626
-2.47174e+18,trip,0,162.1749321360711,6.119235368431661,0.8194457309343051
-2.47174e+18,trip,0,128.89668579983908,24.97658324348601,-9.995804859648814
-2.47174e+18,trip,0,76.93100390709684,9.499138905158992,-2.8687367473087875
-2.47174e+18,charge,120,411.2044083394621,0.0,18.241004567922133
-2.47174e+18,trip,0,55.60605865994566,8.441718830973416,-1.5556641664691
-2.47174e+18,trip,0,57.90777162930151,8.63246354259919,-1.104758142831642
-2.47174e+18,charge,120,407.5820842452262,0.0,16.52961713533533
-2.47174e+18,trip,0,153.57248488320917,19.236498289982546,-4.408707500774213
-2.47174e+18,charge,DC Charging,278.49140447835754,0.0,28.483638589974547
-2.47174e+18,trip,0,62.32350078141276,4.354052704817359,0.5827141240789047
-2.47174e+18,charge,240,450.14000529790457,0.0,30.08943153054317
-2.47174e+18,trip,0,83.81349903855352,19.907642356621245,-4.776676617550322
-2.47174e+18,charge,DC Charging,368.354470422956,0.0,32.86493287273628
-2.47174e+18,trip,0,170.60710045603102,52.66690805920105,-13.5355875526472
-2.47174e+18,trip,0,80.14329143372733,7.701509887020916,-1.8570924787023275
-2.47174e+18,trip,0,65.04841715018044,5.633866401361813,0.6726681188806225
-2.47174e+18,trip,0,145.13178051129032,60.16088896435388,-19.798893354352742
-2.47174e+18,charge,240,488.87577021925256,0.0,31.86605463158756
-2.47174e+18,trip,0,109.20250623480104,52.242291338509,-12.314825609095196
-2.47174e+18,charge,240,670.9568548759795,0.0,40.24235461957494
-2.47174e+18,trip,0,99.57525663241444,21.82970094898564,-5.556418811212154
-2.47174e+18,charge,0,228.13491008060512,0.0,8.755212092593666
-2.47174e+18,trip,0,107.99707513107488,11.226700956978853,-1.43263791758703
-2.47174e+18,trip,0,96.01228813984795,11.110202105367105,-0.7069399825501961
-2.47174e+18,trip,0,81.47981838457056,12.946903467308909,-4.107818151620748
-2.47174e+18,trip,0,122.39289437062978,3.339043669824158,0.5974563494957863
-2.47174e+18,trip,0,70.12514053027816,10.528725308723216,-3.304086816957991
-2.47174e+18,charge,240,199.2109344559858,0.0,13.664066687208802
-2.47174e+18,trip,0,89.86291290781035,4.260655703743771,0.8279106216575371
-2.47174e+18,trip,0,60.03966477611965,6.088173972009394,0.6501743362284316
-2.47174e+18,charge,DC Charging,315.6085616402032,0.0,31.052252084865827
-2.47174e+18,trip,0,61.17946576986404,6.217627922504756,-1.1051121675997138
-2.47174e+18,charge,120,318.3296917654725,0.0,13.448027035454643
-2.47174e+18,trip,0,92.71186275932536,15.525829960907693,-8.917049119709134
-2.47174e+18,charge,120,149.8361200416866,0.0,4.41009174359678
-2.47174e+18,trip,0,127.24071439192154,55.82395536009335,-16.734433826085493
-2.47174e+18,charge,240,408.495090387023,0.0,31.38885038002904
-2.47174e+18,trip,0,85.63389997324983,5.870532826410217,-0.7927302233631934
-2.47174e+18,trip,0,113.88564733602968,12.16338419815431,-2.461904165320832
-2.47174e+18,charge,120,383.51690194640895,0.0,19.226694065472103
-2.47174e+18,trip,0,129.5979116990105,47.996450795309975,-16.26679881116854
-2.47174e+18,charge,120,510.96203947906827,0.0,20.13787984317337
-2.47174e+18,charge,120,455.9521384612138,0.0,16.895467387454744
-2.47174e+18,charge,120,623.2802500231159,0.0,19.6504881326171
-2.47174e+18,trip,0,67.67248794361383,14.2099170408128,-3.0849771892299174
-2.47174e+18,trip,0,126.93202218621916,78.8440246748041,-16.398406197712603
-2.47174e+18,trip,0,72.81043737501332,5.387812237423481,0.722627882793347
-2.47174e+18,charge,240,432.56979497487816,0.0,24.81139779419836
-2.47174e+18,trip,0,190.4425386445224,48.39933092766452,-12.289869504921768
-2.47174e+18,trip,0,184.00612874631432,33.70053568671509,-10.809105430953124
-2.47174e+18,charge,120,303.91734455280186,0.0,13.7251491695812
-2.47174e+18,trip,0,102.77298866008708,3.712908137312202,0.5848224208320829
-2.47174e+18,charge,240,343.78900519578286,0.0,22.954564305401973
-2.47174e+18,trip,0,56.81783228833454,7.146568753093326,-0.4486498525045306
-2.47174e+18,trip,0,68.31608699001865,3.9174097151026936,-0.2672676403594209
-2.47174e+18,trip,0,88.77988856245422,6.626097367211381,0.9037617492056284
-2.47174e+18,charge,240,673.0801439544884,0.0,29.457724529454453
-2.47174e+18,trip,0,155.95433811727116,22.145073635009737,-7.028601747518792
-2.47174e+18,charge,240,214.074456792117,0.0,11.924219890430152
-2.47174e+18,trip,0,69.12304997371466,7.1677072585878285,-0.9100128166796252
-2.47174e+18,charge,120,365.8021115348244,0.0,14.245861479950648
-2.47174e+18,trip,0,59.34364212774391,6.69833424533831,0.8449038105251674
-2.47174e+18,trip,0,60.02504126081151,6.366587540275049,0.830726967946859
-2.47174e+18,trip,0,128.61806815701462,25.254710500607548,-6.76356401107266
-2.47174e+18,trip,0,75.75189513092532,9.865526856721676,-1.9473106710921544
-2.47174e+18,trip,0,118.2468443793116,68.70239971913666,-17.345248081906007
-2.47174e+18,trip,0,56.14358054007453,7.465189341207021,-0.7577821664072246
-2.47174e+18,trip,0,65.06569330314913,4.810351002614661,0.9108422445671353
-2.47174e+18,charge,DC Charging,267.2276248081724,0.0,34.07784286396945
-2.47174e+18,charge,240,308.6573359867982,0.0,16.175391577093023
-2.47174e+18,trip,0,132.9647323734554,21.98114993646873,-7.04857508518036
-2.47174e+18,trip,0,105.10963369333598,7.97397529322869,0.809147308949548
-2.47174e+18,trip,0,67.69070498942794,5.9705697480107,0.6425178901248358
-2.47174e+18,trip,0,121.18971914252091,29.090092313113704,-9.859161867075244
-2.47174e+18,charge,240,651.255828331681,0.0,39.93260936726783
-2.47174e+18,charge,240,188.0532489561641,0.0,18.09252552340098
-2.47174e+18,trip,0,86.10462979741312,34.75885696846169,-10.14313728663754
-2.47174e+18,trip,0,58.67450294181256,7.17942679998373,-0.8815058969219081
-2.47174e+18,trip,0,172.4851565836399,95.50333643589256,-26.10087768295848
-2.47174e+18,trip,0,65.36311179879418,10.418471498845635,-1.764554631488835
-2.47174e+18,trip,0,78.399550593815,9.66034553015781,-1.3551223452338093
-2.47174e+18,charge,120,638.0060165778326,0.0,23.602799507603223
-2.47174e+18,trip,0,81.47453011333704,14.083082164743184,-2.2307418436229227
-2.47174e+18,charge,240,272.60375049413136,0.0,13.354701879428577
-2.47174e+18,trip,0,77.54600207821292,12.344365507610451,-2.881465787104218
-2.47174e+18,trip,0,59.07764151789462,7.399394944210623,-0.5190849294962447
-2.47174e+18,trip,0,108.39974326073424,58.26202349621453,-14.997794388026575
-2.47174e+18,charge,240,138.01783707592173,0.0,8.028700428985431
-2.47174e+18,trip,0,65.58554793629526,9.40403460575285,-1.5615716245393685
-2.47174e+18,trip,0,52.87432932009255,5.399992470744235,0.6477014468036657
-2.47174e+18,trip,120,230.4346789159491,26.097883369182554,-8.238077170106479
-2.47174e+18,charge,DC Charging,175.4939051820861,0.0,17.09584540618539
-2.47174e+18,trip,0,56.62763590086165,5.7544067557512175,-0.3693747242144667
-2.47174e+18,trip,0,59.22103698835226,5.317148149037911,-0.4334901948984395
-2.47174e+18,charge,120,156.61220359314518,0.0,3.402262488162691
-2.47174e+18,trip,0,64.34000985802629,5.549759620449537,-1.414741172968064
-2.47174e+18,trip,0,101.89216558802656,10.160467687742887,-1.2551711136977983
-2.47174e+18,charge,120,383.289228549937,0.0,10.557229865807756
-2.47174e+18,trip,0,57.75808464644385,5.69792948063437,-0.6214773467464454
-2.47174e+18,trip,0,66.30533096303215,5.867390129254454,0.7100098059849245
-2.47174e+18,trip,0,69.64292161094835,9.335529380255998,-1.6237426009748075
-2.47174e+18,charge,120,703.1687635447885,0.0,26.960497222872107
-2.47174e+18,trip,0,73.20216054030833,9.555196321316174,-2.3700955034505427
-2.47174e+18,charge,240,280.83817261173834,0.0,17.47851976071604
-2.47174e+18,trip,0,64.65079356649949,10.88450053244042,-1.3044281120261303
-2.47174e+18,trip,0,119.69792786809784,15.685349463862634,-3.3584903843028258
-2.47174e+18,trip,0,233.55034921702045,86.8332124093094,-18.75511737507962
-2.47174e+18,trip,0,83.07188843140902,11.9415824135967,-3.059661776336654
-2.47174e+18,trip,0,65.712200048528,8.253509606291713,-1.1410377556317144
-2.47174e+18,charge,240,541.022908398458,0.0,29.533940249674146
-2.47174e+18,charge,240,681.083310481176,0.0,25.04009779437503
-2.47174e+18,trip,0,134.51692216691865,60.584295107725154,-14.514608703073108
-2.47174e+18,trip,0,64.94732218156183,9.750122328576886,-1.168234255352374
-2.47174e+18,trip,0,129.99265592386334,85.69890530284407,-19.35500970260742
-2.47174e+18,trip,0,54.592467672157255,5.528937690532175,0.5627619222243965
-2.47174e+18,charge,120,767.2521817214196,0.0,22.617416479255468
-2.47174e+18,trip,0,189.6647149988881,69.55006517465768,-14.033938179158511
-2.47174e+18,trip,0,128.60273047002863,55.591459181759895,-13.588717687617304
-2.47174e+18,trip,0,66.49790225473531,7.595408549508731,-1.651874360157393
